Date,Time,Open,High,Low,Close,Volume
2016.01.03,17:00,1.087010,1.087130,1.087010,1.087130,0
2016.01.03,17:01,1.087120,1.087120,1.087120,1.087120,0
2016.01.03,17:02,1.087080,1.087220,1.087080,1.087220,0
2016.01.03,17:03,1.087170,1.087230,1.087170,1.087230,0
2016.01.03,17:04,1.087180,1.087180,1.087110,1.087110,0
2016.01.03,17:05,1.087030,1.087160,1.087010,1.087120,0
2016.01.03,17:06,1.087210,1.087210,1.087100,1.087100,0
2016.01.03,17:07,1.087120,1.087150,1.087120,1.087120,0
2016.01.03,17:08,1.087110,1.087200,1.087110,1.087130,0
2016.01.03,17:09,1.087160,1.087230,1.087080,1.087080,0
2016.01.03,17:10,1.087070,1.087070,1.087000,1.087000,0
2016.01.03,17:11,1.087000,1.087000,1.086630,1.086630,0
2016.01.03,17:12,1.086630,1.086630,1.086630,1.086630,0
2016.01.03,17:13,1.086610,1.086650,1.086610,1.086650,0
2016.01.03,17:14,1.086630,1.086680,1.086630,1.086640,0
2016.01.03,17:15,1.086660,1.086690,1.086640,1.086690,0
2016.01.03,17:16,1.086690,1.086690,1.086650,1.086650,0
2016.01.03,17:17,1.086650,1.086690,1.086650,1.086690,0
2016.01.03,17:18,1.086690,1.086690,1.086670,1.086670,0
2016.01.03,17:19,1.086650,1.086650,1.086630,1.086640,0
2016.01.03,17:20,1.086630,1.086630,1.086630,1.086630,0
2016.01.03,17:21,1.086740,1.087040,1.086740,1.087040,0
2016.01.03,17:22,1.087140,1.087140,1.087040,1.087040,0
2016.01.03,17:23,1.086930,1.086930,1.086670,1.086930,0
2016.01.03,17:24,1.087040,1.087070,1.086620,1.086620,0
2016.01.03,17:25,1.086710,1.086880,1.086710,1.086880,0
2016.01.03,17:26,1.086880,1.086880,1.086860,1.086880,0
2016.01.03,17:27,1.086860,1.086880,1.086740,1.086740,0
2016.01.03,17:28,1.086740,1.086740,1.086740,1.086740,0
2016.01.03,17:29,1.086740,1.086740,1.086740,1.086740,0
2016.01.03,17:30,1.086740,1.086920,1.086740,1.086920,0
2016.01.03,17:31,1.086900,1.086920,1.086840,1.086840,0
2016.01.03,17:32,1.086930,1.086990,1.086740,1.086840,0
2016.01.03,17:33,1.086840,1.086940,1.086840,1.086840,0
2016.01.03,17:34,1.086840,1.086840,1.086840,1.086840,0
2016.01.03,17:35,1.086800,1.086800,1.086800,1.086800,0
2016.01.03,17:36,1.086810,1.086890,1.086810,1.086890,0
2016.01.03,17:37,1.086890,1.086890,1.086890,1.086890,0
2016.01.03,17:38,1.086890,1.086890,1.086790,1.086800,0
2016.01.03,17:39,1.086800,1.086800,1.086800,1.086800,0
2016.01.03,17:40,1.086800,1.086800,1.086720,1.086720,0
2016.01.03,17:41,1.086710,1.086740,1.086710,1.086740,0
2016.01.03,17:42,1.086740,1.086740,1.086720,1.086720,0
2016.01.03,17:43,1.086720,1.086740,1.086720,1.086740,0
2016.01.03,17:44,1.086740,1.086740,1.086740,1.086740,0
2016.01.03,17:45,1.086740,1.086840,1.086740,1.086840,0
2016.01.03,17:46,1.086870,1.086870,1.086690,1.086820,0
2016.01.03,17:47,1.086820,1.086820,1.086700,1.086790,0
2016.01.03,17:48,1.086750,1.086790,1.086730,1.086730,0
2016.01.03,17:49,1.086740,1.086740,1.086620,1.086630,0
2016.01.03,17:50,1.086700,1.086700,1.086600,1.086600,0
2016.01.03,17:51,1.086600,1.086640,1.086570,1.086620,0
2016.01.03,17:53,1.086640,1.086640,1.086630,1.086630,0
2016.01.03,17:54,1.086630,1.086630,1.086630,1.086630,0
2016.01.03,17:55,1.086550,1.086550,1.086550,1.086550,0
2016.01.03,17:56,1.086700,1.086700,1.086700,1.086700,0
2016.01.03,17:58,1.086660,1.086660,1.086630,1.086630,0
2016.01.03,17:59,1.086630,1.086640,1.086610,1.086620,0
2016.01.03,18:00,1.086620,1.086650,1.086330,1.086430,0
2016.01.03,18:01,1.086440,1.086500,1.086390,1.086390,0
2016.01.03,18:02,1.086390,1.086500,1.086390,1.086390,0
2016.01.03,18:03,1.086390,1.086400,1.085820,1.085820,0
2016.01.03,18:04,1.085840,1.085840,1.085230,1.085460,0
2016.01.03,18:05,1.085440,1.085600,1.085440,1.085600,0
2016.01.03,18:06,1.085640,1.085700,1.085640,1.085690,0
2016.01.03,18:07,1.085690,1.085690,1.085570,1.085570,0
2016.01.03,18:08,1.085580,1.085580,1.085560,1.085560,0
2016.01.03,18:09,1.085570,1.085590,1.085460,1.085460,0
2016.01.03,18:10,1.085450,1.085470,1.085420,1.085430,0
2016.01.03,18:11,1.085520,1.085710,1.085520,1.085690,0
2016.01.03,18:12,1.085680,1.085680,1.085640,1.085650,0
2016.01.03,18:13,1.085640,1.085670,1.085620,1.085670,0
2016.01.03,18:14,1.085670,1.085850,1.085670,1.085740,0
2016.01.03,18:15,1.085710,1.085710,1.085700,1.085700,0
2016.01.03,18:16,1.085710,1.085730,1.085710,1.085710,0
2016.01.03,18:17,1.085820,1.086000,1.085820,1.085950,0
2016.01.03,18:18,1.085940,1.085940,1.085680,1.085720,0
2016.01.03,18:19,1.085730,1.085810,1.085690,1.085700,0
2016.01.03,18:20,1.085710,1.085740,1.085470,1.085470,0
2016.01.03,18:21,1.085460,1.085460,1.085410,1.085410,0
2016.01.03,18:22,1.085410,1.085430,1.085390,1.085390,0
2016.01.03,18:23,1.085390,1.085410,1.085380,1.085400,0
2016.01.03,18:24,1.085400,1.085400,1.084870,1.084880,0
2016.01.03,18:25,1.084860,1.085220,1.084780,1.084780,0
2016.01.03,18:26,1.084750,1.084820,1.084510,1.084820,0
2016.01.03,18:27,1.084820,1.085000,1.084820,1.084870,0
2016.01.03,18:28,1.084870,1.084930,1.084870,1.084870,0
2016.01.03,18:29,1.084870,1.084920,1.084870,1.084910,0
2016.01.03,18:30,1.084910,1.085420,1.084710,1.084710,0
2016.01.03,18:31,1.084710,1.084790,1.084520,1.084620,0
2016.01.03,18:32,1.084680,1.084810,1.084610,1.084800,0
2016.01.03,18:33,1.084810,1.084840,1.084810,1.084840,0
2016.01.03,18:34,1.084840,1.084910,1.084830,1.084890,0
2016.01.03,18:35,1.084890,1.085040,1.084840,1.085040,0
2016.01.03,18:36,1.085050,1.085050,1.084980,1.085030,0
2016.01.03,18:37,1.085050,1.085050,1.085000,1.085050,0
2016.01.03,18:38,1.085060,1.085120,1.085020,1.085120,0
2016.01.03,18:39,1.085110,1.085180,1.085110,1.085180,0
2016.01.03,18:40,1.085150,1.085200,1.085140,1.085200,0
2016.01.03,18:41,1.085180,1.085250,1.085170,1.085250,0
2016.01.03,18:42,1.085260,1.085270,1.085230,1.085230,0
2016.01.03,18:43,1.085250,1.085250,1.085200,1.085240,0
2016.01.03,18:44,1.085240,1.085250,1.085220,1.085220,0
2016.01.03,18:45,1.085220,1.085350,1.085220,1.085350,0
2016.01.03,18:46,1.085340,1.085390,1.085340,1.085360,0
2016.01.03,18:47,1.085360,1.085480,1.085350,1.085460,0
2016.01.03,18:48,1.085510,1.085510,1.085340,1.085350,0
2016.01.03,18:49,1.085360,1.085370,1.085210,1.085210,0
2016.01.03,18:50,1.085210,1.085250,1.085190,1.085240,0
2016.01.03,18:51,1.085180,1.085420,1.085180,1.085410,0
2016.01.03,18:52,1.085420,1.085420,1.085270,1.085320,0
2016.01.03,18:53,1.085320,1.085320,1.085250,1.085260,0
2016.01.03,18:54,1.085220,1.085250,1.085190,1.085190,0
2016.01.03,18:55,1.085190,1.085240,1.085190,1.085230,0
2016.01.03,18:56,1.085210,1.085210,1.085140,1.085190,0
2016.01.03,18:57,1.085200,1.085220,1.085150,1.085220,0
2016.01.03,18:58,1.085220,1.085230,1.085180,1.085200,0
2016.01.03,18:59,1.085220,1.085220,1.085150,1.085150,0
2016.01.03,19:00,1.085170,1.085640,1.085170,1.085640,0
2016.01.03,19:01,1.085660,1.085760,1.085430,1.085440,0
2016.01.03,19:02,1.085440,1.085570,1.085430,1.085570,0
2016.01.03,19:03,1.085570,1.085580,1.085540,1.085540,0
2016.01.03,19:04,1.085520,1.085530,1.085520,1.085520,0
2016.01.03,19:05,1.085530,1.085670,1.085470,1.085650,0
2016.01.03,19:06,1.085660,1.085760,1.085650,1.085700,0
2016.01.03,19:07,1.085680,1.085770,1.085610,1.085650,0
2016.01.03,19:08,1.085640,1.085760,1.085620,1.085630,0
2016.01.03,19:09,1.085620,1.085620,1.085490,1.085510,0
2016.01.03,19:10,1.085520,1.085670,1.085520,1.085650,0
2016.01.03,19:11,1.085660,1.085660,1.085540,1.085540,0
2016.01.03,19:12,1.085530,1.085550,1.085470,1.085550,0
2016.01.03,19:13,1.085550,1.085550,1.085490,1.085500,0
2016.01.03,19:14,1.085500,1.085520,1.085500,1.085520,0
2016.01.03,19:15,1.085510,1.085630,1.085510,1.085630,0
2016.01.03,19:16,1.085630,1.085630,1.085320,1.085320,0
2016.01.03,19:17,1.085320,1.085340,1.085120,1.085130,0
2016.01.03,19:18,1.085130,1.085360,1.085130,1.085280,0
2016.01.03,19:19,1.085250,1.085290,1.085150,1.085160,0
2016.01.03,19:20,1.085130,1.085160,1.085040,1.085090,0
2016.01.03,19:21,1.085100,1.085100,1.085020,1.085050,0
2016.01.03,19:22,1.085040,1.085080,1.085030,1.085050,0
2016.01.03,19:23,1.085070,1.085200,1.085040,1.085160,0
2016.01.03,19:24,1.085150,1.085160,1.085140,1.085150,0
2016.01.03,19:25,1.085150,1.085150,1.085140,1.085140,0
2016.01.03,19:26,1.085130,1.085140,1.085050,1.085050,0
2016.01.03,19:27,1.085040,1.085130,1.085040,1.085090,0
2016.01.03,19:28,1.085100,1.085100,1.084960,1.085020,0
2016.01.03,19:29,1.085030,1.085080,1.084810,1.084820,0
2016.01.03,19:30,1.084820,1.084940,1.084570,1.084760,0
2016.01.03,19:31,1.084770,1.084860,1.084730,1.084840,0
2016.01.03,19:32,1.084830,1.084980,1.084830,1.084960,0
2016.01.03,19:33,1.084950,1.085140,1.084950,1.085140,0
2016.01.03,19:34,1.085130,1.085330,1.085120,1.085140,0
2016.01.03,19:35,1.085160,1.085210,1.085010,1.085030,0
2016.01.03,19:36,1.085030,1.085030,1.084830,1.084870,0
2016.01.03,19:37,1.084870,1.084870,1.084780,1.084830,0
2016.01.03,19:38,1.084830,1.084840,1.084750,1.084830,0
2016.01.03,19:39,1.084820,1.084890,1.084760,1.084780,0
2016.01.03,19:40,1.084790,1.084790,1.084530,1.084530,0
2016.01.03,19:41,1.084540,1.084730,1.084500,1.084530,0
2016.01.03,19:42,1.084520,1.084520,1.084510,1.084510,0
2016.01.03,19:43,1.084510,1.084510,1.084330,1.084390,0
2016.01.03,19:44,1.084420,1.084430,1.084340,1.084420,0
2016.01.03,19:45,1.084420,1.084420,1.084320,1.084390,0
2016.01.03,19:46,1.084410,1.084620,1.084410,1.084510,0
2016.01.03,19:47,1.084510,1.084610,1.084500,1.084560,0
2016.01.03,19:48,1.084550,1.084550,1.084410,1.084410,0
2016.01.03,19:49,1.084400,1.084530,1.084400,1.084460,0
2016.01.03,19:50,1.084440,1.084540,1.084420,1.084490,0
2016.01.03,19:51,1.084500,1.084500,1.084380,1.084430,0
2016.01.03,19:52,1.084430,1.084440,1.084360,1.084430,0
2016.01.03,19:53,1.084430,1.084480,1.084350,1.084400,0
2016.01.03,19:54,1.084410,1.084450,1.084330,1.084450,0
2016.01.03,19:55,1.084480,1.084540,1.084440,1.084440,0
2016.01.03,19:56,1.084440,1.084450,1.084440,1.084450,0
2016.01.03,19:57,1.084450,1.084630,1.084450,1.084550,0
2016.01.03,19:58,1.084550,1.084570,1.084430,1.084430,0
2016.01.03,19:59,1.084450,1.084530,1.084450,1.084530,0
2016.01.03,20:00,1.084530,1.084640,1.084510,1.084640,0
2016.01.03,20:01,1.084630,1.084660,1.084550,1.084550,0
2016.01.03,20:02,1.084620,1.084630,1.084430,1.084430,0
2016.01.03,20:03,1.084430,1.084440,1.084230,1.084300,0
2016.01.03,20:04,1.084320,1.084330,1.084240,1.084240,0
2016.01.03,20:05,1.084240,1.084270,1.083820,1.084030,0
2016.01.03,20:06,1.083990,1.083990,1.083710,1.083710,0
2016.01.03,20:07,1.083710,1.083960,1.083660,1.083960,0
2016.01.03,20:08,1.083950,1.084180,1.083860,1.083940,0
2016.01.03,20:09,1.083950,1.084050,1.083880,1.083940,0
2016.01.03,20:10,1.083930,1.084040,1.083930,1.084010,0
2016.01.03,20:11,1.084020,1.084030,1.083880,1.083900,0
2016.01.03,20:12,1.083920,1.083930,1.083850,1.083860,0
2016.01.03,20:13,1.083860,1.083910,1.083730,1.083730,0
2016.01.03,20:14,1.083740,1.083740,1.083310,1.083420,0
2016.01.03,20:15,1.083470,1.083570,1.083240,1.083340,0
2016.01.03,20:16,1.083340,1.083410,1.083200,1.083270,0
2016.01.03,20:17,1.083270,1.083330,1.083200,1.083210,0
2016.01.03,20:18,1.083190,1.083220,1.083090,1.083090,0
2016.01.03,20:19,1.083030,1.083130,1.082720,1.082790,0
2016.01.03,20:20,1.082760,1.083170,1.082760,1.083160,0
2016.01.03,20:21,1.083110,1.083110,1.082810,1.082930,0
2016.01.03,20:22,1.082930,1.083150,1.082930,1.083100,0
2016.01.03,20:23,1.083100,1.083200,1.083060,1.083200,0
2016.01.03,20:24,1.083200,1.083250,1.083180,1.083230,0
2016.01.03,20:25,1.083260,1.083410,1.083240,1.083340,0
2016.01.03,20:26,1.083340,1.083610,1.083340,1.083580,0
2016.01.03,20:27,1.083590,1.083600,1.083430,1.083450,0
2016.01.03,20:28,1.083440,1.083630,1.083440,1.083570,0
2016.01.03,20:29,1.083580,1.083680,1.083570,1.083660,0
2016.01.03,20:30,1.083650,1.083980,1.083620,1.083830,0
2016.01.03,20:31,1.083830,1.084000,1.083830,1.083950,0
2016.01.03,20:32,1.083940,1.083960,1.083880,1.083920,0
2016.01.03,20:33,1.083930,1.083930,1.083740,1.083750,0
2016.01.03,20:34,1.083720,1.083960,1.083720,1.083940,0
2016.01.03,20:35,1.083940,1.084150,1.083940,1.084140,0
2016.01.03,20:36,1.084130,1.084180,1.084080,1.084150,0
2016.01.03,20:37,1.084150,1.084180,1.084110,1.084170,0
2016.01.03,20:38,1.084170,1.084170,1.084050,1.084050,0
2016.01.03,20:39,1.084050,1.084280,1.084050,1.084260,0
2016.01.03,20:40,1.084260,1.084340,1.084240,1.084240,0
2016.01.03,20:41,1.084230,1.084530,1.084030,1.084430,0
2016.01.03,20:42,1.084440,1.084540,1.084430,1.084430,0
2016.01.03,20:43,1.084430,1.084450,1.084420,1.084420,0
2016.01.03,20:44,1.084420,1.084420,1.084230,1.084230,0
2016.01.03,20:45,1.084220,1.084560,1.084210,1.084230,0
2016.01.03,20:46,1.084220,1.084280,1.084130,1.084280,0
2016.01.03,20:47,1.084290,1.084480,1.084160,1.084450,0
2016.01.03,20:48,1.084450,1.084960,1.084450,1.084860,0
2016.01.03,20:49,1.084870,1.084980,1.084730,1.084930,0
2016.01.03,20:50,1.084950,1.085030,1.084830,1.084890,0
2016.01.03,20:51,1.084870,1.085110,1.084820,1.084930,0
2016.01.03,20:52,1.084960,1.085380,1.084960,1.085370,0
2016.01.03,20:53,1.085420,1.085750,1.085420,1.085560,0
2016.01.03,20:54,1.085550,1.085670,1.085550,1.085660,0
2016.01.03,20:55,1.085690,1.085740,1.085660,1.085670,0
2016.01.03,20:56,1.085690,1.085780,1.085670,1.085690,0
2016.01.03,20:57,1.085690,1.086070,1.085690,1.086020,0
2016.01.03,20:58,1.086010,1.086160,1.085950,1.086050,0
2016.01.03,20:59,1.086050,1.086050,1.085830,1.085960,0
2016.01.03,21:00,1.085990,1.086450,1.085990,1.086420,0
2016.01.03,21:01,1.086420,1.086880,1.086330,1.086620,0
2016.01.03,21:02,1.086610,1.086640,1.086420,1.086440,0
2016.01.03,21:03,1.086440,1.086650,1.086400,1.086500,0
2016.01.03,21:04,1.086460,1.086460,1.086120,1.086230,0
2016.01.03,21:05,1.086230,1.086670,1.086150,1.086530,0
2016.01.03,21:06,1.086540,1.086540,1.086090,1.086130,0
2016.01.03,21:07,1.086130,1.086240,1.086060,1.086060,0
2016.01.03,21:08,1.086040,1.086160,1.086000,1.086100,0
2016.01.03,21:09,1.086110,1.086320,1.086110,1.086150,0
2016.01.03,21:10,1.086150,1.086350,1.086150,1.086340,0
2016.01.03,21:11,1.086310,1.086310,1.086160,1.086270,0
2016.01.03,21:12,1.086280,1.086280,1.085900,1.085910,0
2016.01.03,21:13,1.085910,1.086060,1.085900,1.086050,0
2016.01.03,21:14,1.086050,1.086430,1.086050,1.086330,0
2016.01.03,21:15,1.086310,1.086440,1.086150,1.086190,0
2016.01.03,21:16,1.086180,1.086180,1.085830,1.085980,0
2016.01.03,21:17,1.085970,1.086150,1.085970,1.086030,0
2016.01.03,21:18,1.086040,1.086280,1.086040,1.086230,0
2016.01.03,21:19,1.086230,1.086240,1.086020,1.086020,0
2016.01.03,21:20,1.086020,1.086260,1.086020,1.086040,0
2016.01.03,21:21,1.086040,1.086180,1.086040,1.086160,0
2016.01.03,21:22,1.086180,1.086260,1.086050,1.086140,0
2016.01.03,21:23,1.086110,1.086270,1.086040,1.086250,0
2016.01.03,21:24,1.086250,1.086250,1.086120,1.086140,0
2016.01.03,21:25,1.086130,1.086140,1.086000,1.086000,0
2016.01.03,21:26,1.086000,1.086240,1.086000,1.086140,0
2016.01.03,21:27,1.086130,1.086230,1.086040,1.086220,0
2016.01.03,21:28,1.086230,1.086430,1.086230,1.086350,0
2016.01.03,21:29,1.086340,1.086620,1.086330,1.086580,0
2016.01.03,21:30,1.086580,1.086740,1.086410,1.086420,0
2016.01.03,21:31,1.086430,1.086570,1.086390,1.086440,0
2016.01.03,21:32,1.086440,1.086540,1.086440,1.086440,0
2016.01.03,21:33,1.086430,1.086430,1.086330,1.086350,0
2016.01.03,21:34,1.086340,1.086420,1.086340,1.086370,0
2016.01.03,21:35,1.086380,1.086560,1.086360,1.086560,0
2016.01.03,21:36,1.086540,1.086680,1.086510,1.086670,0
2016.01.03,21:37,1.086660,1.086660,1.086550,1.086620,0
2016.01.03,21:38,1.086620,1.086650,1.086550,1.086650,0
2016.01.03,21:39,1.086650,1.086670,1.086460,1.086630,0
2016.01.03,21:40,1.086620,1.086870,1.086570,1.086740,0
2016.01.03,21:41,1.086770,1.086880,1.086690,1.086870,0
2016.01.03,21:42,1.086870,1.086900,1.086620,1.086620,0
2016.01.03,21:43,1.086620,1.086640,1.086530,1.086620,0
2016.01.03,21:44,1.086630,1.086680,1.086570,1.086660,0
2016.01.03,21:45,1.086670,1.086680,1.086520,1.086540,0
2016.01.03,21:46,1.086580,1.087250,1.086580,1.087160,0
2016.01.03,21:47,1.087240,1.087560,1.087210,1.087340,0
2016.01.03,21:48,1.087330,1.087330,1.087020,1.087070,0
2016.01.03,21:49,1.087070,1.087230,1.086950,1.086980,0
2016.01.03,21:50,1.086980,1.087030,1.086850,1.086940,0
2016.01.03,21:51,1.086930,1.086950,1.086770,1.086870,0
2016.01.03,21:52,1.086880,1.086880,1.086540,1.086560,0
2016.01.03,21:53,1.086540,1.087030,1.086540,1.086790,0
2016.01.03,21:54,1.086770,1.086770,1.086630,1.086670,0
2016.01.03,21:55,1.086690,1.086950,1.086690,1.086720,0
2016.01.03,21:56,1.086730,1.086830,1.086640,1.086830,0
2016.01.03,21:57,1.086850,1.086900,1.086750,1.086900,0
2016.01.03,21:58,1.086860,1.087450,1.086860,1.087230,0
2016.01.03,21:59,1.087230,1.087350,1.087130,1.087140,0
2016.01.03,22:00,1.087140,1.087260,1.087110,1.087260,0
2016.01.03,22:01,1.087250,1.087280,1.087240,1.087260,0
2016.01.03,22:02,1.087260,1.087260,1.087150,1.087150,0
2016.01.03,22:03,1.087150,1.087160,1.087130,1.087160,0
2016.01.03,22:04,1.087140,1.087150,1.087130,1.087140,0
2016.01.03,22:05,1.087140,1.087140,1.087000,1.087040,0
2016.01.03,22:06,1.087050,1.087130,1.087000,1.087030,0
2016.01.03,22:07,1.087030,1.087080,1.086930,1.086950,0
2016.01.03,22:08,1.086960,1.087060,1.086910,1.087060,0
2016.01.03,22:09,1.087060,1.087060,1.086940,1.087030,0
2016.01.03,22:10,1.087020,1.087030,1.086910,1.086980,0
2016.01.03,22:11,1.086950,1.087040,1.086940,1.087030,0
2016.01.03,22:12,1.087030,1.087030,1.087030,1.087030,0
2016.01.03,22:13,1.087010,1.087010,1.086940,1.086950,0
2016.01.03,22:14,1.086950,1.086950,1.086830,1.086840,0
2016.01.03,22:15,1.086860,1.086960,1.086860,1.086940,0
2016.01.03,22:16,1.086930,1.086930,1.086840,1.086900,0
2016.01.03,22:17,1.086890,1.087000,1.086890,1.087000,0
2016.01.03,22:18,1.087000,1.087030,1.086960,1.086960,0
2016.01.03,22:19,1.086960,1.086960,1.086850,1.086930,0
2016.01.03,22:20,1.086930,1.086930,1.086850,1.086890,0
2016.01.03,22:21,1.086880,1.087040,1.086860,1.087040,0
2016.01.03,22:22,1.087040,1.087070,1.087040,1.087070,0
2016.01.03,22:23,1.087100,1.087160,1.087030,1.087030,0
2016.01.03,22:24,1.087030,1.087030,1.086920,1.086920,0
2016.01.03,22:25,1.086950,1.087060,1.086950,1.087050,0
2016.01.03,22:26,1.087050,1.087060,1.086950,1.086990,0
2016.01.03,22:27,1.086970,1.087050,1.086960,1.087050,0
2016.01.03,22:28,1.087040,1.087040,1.086950,1.086960,0
2016.01.03,22:29,1.086960,1.086970,1.086860,1.086860,0
2016.01.03,22:30,1.086870,1.087130,1.086850,1.087060,0
2016.01.03,22:31,1.087070,1.087070,1.086950,1.087060,0
2016.01.03,22:32,1.087060,1.087070,1.086980,1.087050,0
2016.01.03,22:33,1.087050,1.087050,1.086920,1.086920,0
2016.01.03,22:34,1.086930,1.086940,1.086880,1.086920,0
2016.01.03,22:35,1.086920,1.086920,1.086860,1.086860,0
2016.01.03,22:36,1.086870,1.086890,1.086730,1.086730,0
2016.01.03,22:37,1.086730,1.086820,1.086700,1.086730,0
2016.01.03,22:38,1.086730,1.086750,1.086690,1.086730,0
2016.01.03,22:39,1.086820,1.086830,1.086700,1.086730,0
2016.01.03,22:40,1.086740,1.086840,1.086740,1.086840,0
2016.01.03,22:41,1.086840,1.086930,1.086840,1.086850,0
2016.01.03,22:42,1.086850,1.086930,1.086830,1.086930,0
2016.01.03,22:43,1.086930,1.087040,1.086930,1.087040,0
2016.01.03,22:44,1.087050,1.087130,1.086940,1.086950,0
2016.01.03,22:45,1.086970,1.086970,1.086840,1.086940,0
2016.01.03,22:46,1.086950,1.086960,1.086840,1.086840,0
2016.01.03,22:47,1.086890,1.086940,1.086790,1.086860,0
2016.01.03,22:48,1.086870,1.086880,1.086850,1.086880,0
2016.01.03,22:49,1.086880,1.086880,1.086870,1.086870,0
2016.01.03,22:50,1.086860,1.086880,1.086800,1.086880,0
2016.01.03,22:51,1.086880,1.086950,1.086860,1.086870,0
2016.01.03,22:52,1.086880,1.087140,1.086860,1.087140,0
2016.01.03,22:53,1.087140,1.087280,1.087060,1.087070,0
2016.01.03,22:54,1.087060,1.087130,1.087030,1.087060,0
2016.01.03,22:55,1.087100,1.087190,1.087100,1.087140,0
2016.01.03,22:56,1.087140,1.087250,1.087100,1.087160,0
2016.01.03,22:57,1.087160,1.087210,1.087140,1.087140,0
2016.01.03,22:58,1.087140,1.087150,1.087110,1.087140,0
2016.01.03,22:59,1.087140,1.087140,1.087100,1.087110,0
2016.01.03,23:00,1.087120,1.087250,1.087110,1.087250,0
2016.01.03,23:01,1.087180,1.087180,1.087180,1.087180,0
2016.01.03,23:02,1.087160,1.087160,1.087040,1.087110,0
2016.01.03,23:03,1.087100,1.087110,1.087040,1.087040,0
2016.01.03,23:04,1.087040,1.087040,1.087030,1.087030,0
2016.01.03,23:05,1.087030,1.087030,1.086930,1.086940,0
2016.01.03,23:06,1.086940,1.087050,1.086940,1.087050,0
2016.01.03,23:07,1.087130,1.087200,1.087030,1.087040,0
2016.01.03,23:08,1.087030,1.087140,1.087030,1.087140,0
2016.01.03,23:09,1.087130,1.087150,1.087100,1.087140,0
2016.01.03,23:10,1.087130,1.087160,1.087050,1.087150,0
2016.01.03,23:11,1.087130,1.087150,1.087080,1.087140,0
2016.01.03,23:12,1.087140,1.087150,1.087130,1.087140,0
2016.01.03,23:13,1.087140,1.087140,1.087070,1.087140,0
2016.01.03,23:14,1.087140,1.087140,1.087050,1.087110,0
2016.01.03,23:15,1.087130,1.087250,1.087130,1.087240,0
2016.01.03,23:16,1.087260,1.087520,1.087250,1.087440,0
2016.01.03,23:17,1.087440,1.087450,1.087390,1.087450,0
2016.01.03,23:18,1.087450,1.087740,1.087430,1.087580,0
2016.01.03,23:19,1.087580,1.087730,1.087540,1.087590,0
2016.01.03,23:20,1.087580,1.087590,1.087530,1.087560,0
2016.01.03,23:21,1.087560,1.087660,1.087540,1.087640,0
2016.01.03,23:22,1.087610,1.087640,1.087490,1.087540,0
2016.01.03,23:23,1.087540,1.087540,1.087460,1.087490,0
2016.01.03,23:24,1.087500,1.087550,1.087340,1.087350,0
2016.01.03,23:25,1.087360,1.087660,1.087250,1.087540,0
2016.01.03,23:26,1.087510,1.087790,1.087450,1.087770,0
2016.01.03,23:27,1.087760,1.087890,1.087740,1.087860,0
2016.01.03,23:28,1.087850,1.087850,1.087750,1.087770,0
2016.01.03,23:29,1.087770,1.087860,1.087640,1.087700,0
2016.01.03,23:30,1.087690,1.087700,1.087410,1.087540,0
2016.01.03,23:31,1.087530,1.087560,1.087480,1.087550,0
2016.01.03,23:32,1.087560,1.087760,1.087560,1.087660,0
2016.01.03,23:33,1.087660,1.087760,1.087660,1.087740,0
2016.01.03,23:34,1.087740,1.087770,1.087690,1.087740,0
2016.01.03,23:35,1.087750,1.088030,1.087750,1.087850,0
2016.01.03,23:36,1.087850,1.087850,1.087750,1.087810,0
2016.01.03,23:37,1.087820,1.087910,1.087690,1.087880,0
2016.01.03,23:38,1.087870,1.088050,1.087860,1.088040,0
2016.01.03,23:39,1.088040,1.088340,1.088040,1.088140,0
2016.01.03,23:40,1.088140,1.088160,1.088010,1.088150,0
2016.01.03,23:41,1.088140,1.088140,1.087950,1.087960,0
2016.01.03,23:42,1.087950,1.088110,1.087950,1.087950,0
2016.01.03,23:43,1.087940,1.087950,1.087750,1.087750,0
2016.01.03,23:44,1.087760,1.087900,1.087650,1.087880,0
2016.01.03,23:45,1.087850,1.087960,1.087840,1.087960,0
2016.01.03,23:46,1.087940,1.087940,1.087910,1.087940,0
2016.01.03,23:47,1.087920,1.088150,1.087910,1.088010,0
2016.01.03,23:48,1.088020,1.088170,1.087940,1.088160,0
2016.01.03,23:49,1.088150,1.088170,1.088020,1.088060,0
2016.01.03,23:50,1.088050,1.088140,1.087940,1.087940,0
2016.01.03,23:51,1.087940,1.087960,1.087670,1.087790,0
2016.01.03,23:52,1.087800,1.087980,1.087800,1.087910,0
2016.01.03,23:53,1.087880,1.087960,1.087850,1.087850,0
2016.01.03,23:54,1.087830,1.087830,1.087630,1.087760,0
2016.01.03,23:55,1.087750,1.087850,1.087750,1.087760,0
2016.01.03,23:56,1.087760,1.087770,1.087650,1.087750,0
2016.01.03,23:57,1.087760,1.087950,1.087760,1.087850,0
2016.01.03,23:58,1.087870,1.087930,1.087840,1.087850,0
2016.01.03,23:59,1.087850,1.087930,1.087840,1.087930,0
2016.01.04,00:00,1.087940,1.087940,1.087830,1.087830,0
2016.01.04,00:01,1.087830,1.087840,1.087640,1.087640,0
2016.01.04,00:02,1.087640,1.088220,1.087640,1.088220,0
2016.01.04,00:03,1.088220,1.088220,1.088040,1.088050,0
2016.01.04,00:04,1.088050,1.088050,1.087820,1.087960,0
2016.01.04,00:05,1.087960,1.087960,1.087630,1.087630,0
2016.01.04,00:06,1.087640,1.087740,1.087620,1.087650,0
2016.01.04,00:07,1.087640,1.087660,1.087520,1.087520,0
2016.01.04,00:08,1.087470,1.087780,1.087400,1.087780,0
2016.01.04,00:09,1.087790,1.087790,1.087550,1.087550,0
2016.01.04,00:10,1.087630,1.087790,1.087620,1.087790,0
2016.01.04,00:11,1.087780,1.087890,1.087770,1.087860,0
2016.01.04,00:12,1.087860,1.087990,1.087780,1.087970,0
2016.01.04,00:13,1.087980,1.087980,1.087690,1.087690,0
2016.01.04,00:14,1.087670,1.087960,1.087670,1.087840,0
2016.01.04,00:15,1.087850,1.087980,1.087800,1.087980,0
2016.01.04,00:16,1.088010,1.088100,1.087950,1.087970,0
2016.01.04,00:17,1.087980,1.088010,1.087970,1.087980,0
2016.01.04,00:18,1.087970,1.087980,1.087970,1.087970,0
2016.01.04,00:19,1.087980,1.088010,1.087950,1.087960,0
2016.01.04,00:20,1.087960,1.088260,1.087950,1.088140,0
2016.01.04,00:21,1.088140,1.088140,1.087960,1.087960,0
2016.01.04,00:22,1.087970,1.088020,1.087960,1.087960,0
2016.01.04,00:23,1.087960,1.088040,1.087940,1.088030,0
2016.01.04,00:24,1.088030,1.088040,1.088020,1.088030,0
2016.01.04,00:25,1.088050,1.088340,1.088050,1.088250,0
2016.01.04,00:26,1.088240,1.088260,1.088060,1.088110,0
2016.01.04,00:27,1.088120,1.088140,1.088050,1.088060,0
2016.01.04,00:28,1.088050,1.088150,1.088050,1.088140,0
2016.01.04,00:29,1.088150,1.088260,1.088140,1.088150,0
2016.01.04,00:30,1.088210,1.088360,1.088210,1.088340,0
2016.01.04,00:31,1.088360,1.088460,1.088270,1.088450,0
2016.01.04,00:32,1.088460,1.089190,1.088460,1.089070,0
2016.01.04,00:33,1.089070,1.089230,1.088930,1.089120,0
2016.01.04,00:34,1.089110,1.089540,1.089100,1.089450,0
2016.01.04,00:35,1.089450,1.089550,1.089240,1.089460,0
2016.01.04,00:36,1.089480,1.089680,1.089440,1.089560,0
2016.01.04,00:37,1.089550,1.089550,1.089230,1.089350,0
2016.01.04,00:38,1.089350,1.089410,1.089040,1.089270,0
2016.01.04,00:39,1.089260,1.089670,1.089250,1.089580,0
2016.01.04,00:40,1.089600,1.089910,1.089560,1.089870,0
2016.01.04,00:41,1.089870,1.089970,1.089790,1.089860,0
2016.01.04,00:42,1.089860,1.090040,1.089860,1.089980,0
2016.01.04,00:43,1.090010,1.090070,1.089670,1.089770,0
2016.01.04,00:44,1.089770,1.090000,1.089740,1.089840,0
2016.01.04,00:45,1.089850,1.090480,1.089850,1.090470,0
2016.01.04,00:46,1.090430,1.090450,1.090160,1.090250,0
2016.01.04,00:47,1.090260,1.090380,1.090160,1.090220,0
2016.01.04,00:48,1.090220,1.090390,1.090150,1.090160,0
2016.01.04,00:49,1.090160,1.090160,1.090020,1.090070,0
2016.01.04,00:50,1.090070,1.090160,1.090000,1.090040,0
2016.01.04,00:51,1.090030,1.090130,1.090010,1.090050,0
2016.01.04,00:52,1.090050,1.090240,1.090030,1.090050,0
2016.01.04,00:53,1.090040,1.090140,1.090010,1.090140,0
2016.01.04,00:54,1.090130,1.090170,1.090000,1.090050,0
2016.01.04,00:55,1.090030,1.090170,1.089830,1.089920,0
2016.01.04,00:56,1.089940,1.090020,1.089860,1.089860,0
2016.01.04,00:57,1.089870,1.090050,1.089870,1.090030,0
2016.01.04,00:58,1.090030,1.090030,1.089780,1.089820,0
2016.01.04,00:59,1.089810,1.089840,1.089550,1.089730,0
2016.01.04,01:00,1.089720,1.089720,1.089500,1.089520,0
2016.01.04,01:01,1.089550,1.089670,1.089530,1.089560,0
2016.01.04,01:02,1.089570,1.089690,1.089230,1.089250,0
2016.01.04,01:03,1.089250,1.089480,1.089250,1.089480,0
2016.01.04,01:04,1.089440,1.089490,1.089310,1.089330,0
2016.01.04,01:05,1.089330,1.089360,1.089320,1.089340,0
2016.01.04,01:06,1.089350,1.089480,1.089350,1.089480,0
2016.01.04,01:07,1.089450,1.089460,1.089330,1.089340,0
2016.01.04,01:08,1.089320,1.089550,1.089320,1.089530,0
2016.01.04,01:09,1.089510,1.089510,1.089320,1.089320,0
2016.01.04,01:10,1.089320,1.089810,1.089320,1.089810,0
2016.01.04,01:11,1.089800,1.089930,1.089800,1.089890,0
2016.01.04,01:12,1.089900,1.089920,1.089730,1.089730,0
2016.01.04,01:13,1.089720,1.089930,1.089560,1.089880,0
2016.01.04,01:14,1.089880,1.089910,1.089740,1.089810,0
2016.01.04,01:15,1.089800,1.089800,1.089750,1.089750,0
2016.01.04,01:16,1.089740,1.089740,1.089730,1.089740,0
2016.01.04,01:17,1.089740,1.089860,1.089740,1.089840,0
2016.01.04,01:18,1.089840,1.089950,1.089750,1.089950,0
2016.01.04,01:19,1.089940,1.090150,1.089920,1.089930,0
2016.01.04,01:20,1.089940,1.090240,1.089940,1.090150,0
2016.01.04,01:21,1.090140,1.090160,1.090050,1.090050,0
2016.01.04,01:22,1.090050,1.090050,1.089840,1.089840,0
2016.01.04,01:23,1.089840,1.089840,1.089500,1.089500,0
2016.01.04,01:24,1.089500,1.089700,1.089420,1.089660,0
2016.01.04,01:25,1.089650,1.089710,1.089630,1.089640,0
2016.01.04,01:26,1.089610,1.089610,1.089420,1.089500,0
2016.01.04,01:27,1.089440,1.089560,1.089410,1.089450,0
2016.01.04,01:28,1.089460,1.089570,1.089430,1.089490,0
2016.01.04,01:29,1.089470,1.089540,1.089330,1.089480,0
2016.01.04,01:30,1.089490,1.089540,1.089270,1.089300,0
2016.01.04,01:31,1.089290,1.089290,1.089090,1.089130,0
2016.01.04,01:32,1.089120,1.089280,1.089090,1.089220,0
2016.01.04,01:33,1.089200,1.089210,1.089040,1.089040,0
2016.01.04,01:34,1.089040,1.089340,1.089020,1.089340,0
2016.01.04,01:35,1.089330,1.089330,1.089080,1.089090,0
2016.01.04,01:36,1.089090,1.089130,1.089050,1.089120,0
2016.01.04,01:37,1.089120,1.089130,1.089000,1.089030,0
2016.01.04,01:38,1.089030,1.089100,1.089000,1.089090,0
2016.01.04,01:39,1.089120,1.089240,1.089040,1.089230,0
2016.01.04,01:40,1.089240,1.089340,1.089230,1.089230,0
2016.01.04,01:41,1.089220,1.089220,1.089030,1.089040,0
2016.01.04,01:42,1.089060,1.089110,1.089020,1.089100,0
2016.01.04,01:43,1.089090,1.089140,1.089020,1.089040,0
2016.01.04,01:44,1.089040,1.089130,1.088870,1.089130,0
2016.01.04,01:45,1.089130,1.089140,1.088930,1.088940,0
2016.01.04,01:46,1.088920,1.088960,1.088740,1.088790,0
2016.01.04,01:47,1.088800,1.088860,1.088760,1.088810,0
2016.01.04,01:48,1.088820,1.089050,1.088820,1.088970,0
2016.01.04,01:49,1.088970,1.089050,1.088850,1.088860,0
2016.01.04,01:50,1.088850,1.088950,1.088730,1.088770,0
2016.01.04,01:51,1.088780,1.088860,1.088770,1.088780,0
2016.01.04,01:52,1.088790,1.088830,1.088670,1.088690,0
2016.01.04,01:53,1.088670,1.088760,1.088640,1.088650,0
2016.01.04,01:54,1.088630,1.088630,1.088560,1.088560,0
2016.01.04,01:55,1.088570,1.088580,1.088440,1.088460,0
2016.01.04,01:56,1.088450,1.088840,1.088450,1.088660,0
2016.01.04,01:57,1.088700,1.088900,1.088700,1.088860,0
2016.01.04,01:58,1.088860,1.088870,1.088810,1.088860,0
2016.01.04,01:59,1.088870,1.088950,1.088810,1.088880,0
2016.01.04,02:00,1.088870,1.089430,1.088870,1.089420,0
2016.01.04,02:01,1.089460,1.089660,1.089340,1.089370,0
2016.01.04,02:02,1.089360,1.089520,1.089160,1.089180,0
2016.01.04,02:03,1.089170,1.089180,1.088880,1.088950,0
2016.01.04,02:04,1.088960,1.089050,1.088910,1.089040,0
2016.01.04,02:05,1.089040,1.089040,1.088400,1.088810,0
2016.01.04,02:06,1.088800,1.089020,1.088710,1.088820,0
2016.01.04,02:07,1.088800,1.088800,1.088330,1.088470,0
2016.01.04,02:08,1.088480,1.088790,1.088190,1.088210,0
2016.01.04,02:09,1.088290,1.088600,1.088220,1.088490,0
2016.01.04,02:10,1.088490,1.088520,1.088160,1.088290,0
2016.01.04,02:11,1.088300,1.088940,1.088290,1.088940,0
2016.01.04,02:12,1.088940,1.089170,1.088830,1.089140,0
2016.01.04,02:13,1.089150,1.089420,1.089030,1.089390,0
2016.01.04,02:14,1.089450,1.089450,1.089250,1.089280,0
2016.01.04,02:15,1.089260,1.089270,1.088830,1.088950,0
2016.01.04,02:16,1.088960,1.089400,1.088960,1.089210,0
2016.01.04,02:17,1.089220,1.089360,1.089200,1.089300,0
2016.01.04,02:18,1.089280,1.089280,1.088950,1.089240,0
2016.01.04,02:19,1.089230,1.089230,1.088750,1.088840,0
2016.01.04,02:20,1.088820,1.088880,1.088510,1.088620,0
2016.01.04,02:21,1.088630,1.088770,1.088540,1.088740,0
2016.01.04,02:22,1.088740,1.088870,1.088580,1.088830,0
2016.01.04,02:23,1.088860,1.088940,1.088760,1.088920,0
2016.01.04,02:24,1.088930,1.088950,1.088610,1.088800,0
2016.01.04,02:25,1.088800,1.089050,1.088770,1.089050,0
2016.01.04,02:26,1.089070,1.089330,1.088990,1.089150,0
2016.01.04,02:27,1.089140,1.089430,1.089050,1.089340,0
2016.01.04,02:28,1.089390,1.089560,1.089390,1.089460,0
2016.01.04,02:29,1.089450,1.089540,1.089020,1.089020,0
2016.01.04,02:30,1.089030,1.089200,1.089030,1.089080,0
2016.01.04,02:31,1.089090,1.089210,1.088830,1.089110,0
2016.01.04,02:32,1.089080,1.089380,1.089000,1.089300,0
2016.01.04,02:33,1.089290,1.089290,1.089070,1.089170,0
2016.01.04,02:34,1.089150,1.089470,1.089150,1.089450,0
2016.01.04,02:35,1.089440,1.089560,1.089420,1.089450,0
2016.01.04,02:36,1.089440,1.089440,1.089140,1.089140,0
2016.01.04,02:37,1.089150,1.089380,1.089130,1.089370,0
2016.01.04,02:38,1.089360,1.089620,1.089240,1.089280,0
2016.01.04,02:39,1.089260,1.089290,1.089020,1.089070,0
2016.01.04,02:40,1.089060,1.089370,1.089040,1.089220,0
2016.01.04,02:41,1.089230,1.089250,1.089110,1.089160,0
2016.01.04,02:42,1.089170,1.089390,1.089170,1.089360,0
2016.01.04,02:43,1.089370,1.089670,1.089360,1.089610,0
2016.01.04,02:44,1.089620,1.090270,1.089580,1.090060,0
2016.01.04,02:45,1.090060,1.091730,1.090010,1.091550,0
2016.01.04,02:46,1.091550,1.091630,1.091190,1.091440,0
2016.01.04,02:47,1.091440,1.091540,1.091140,1.091350,0
2016.01.04,02:48,1.091390,1.091840,1.091310,1.091840,0
2016.01.04,02:49,1.091820,1.091870,1.091570,1.091760,0
2016.01.04,02:50,1.091750,1.091750,1.091430,1.091720,0
2016.01.04,02:51,1.091730,1.092040,1.091430,1.091860,0
2016.01.04,02:52,1.091860,1.091920,1.091660,1.091750,0
2016.01.04,02:53,1.091760,1.091840,1.091440,1.091600,0
2016.01.04,02:54,1.091610,1.092000,1.091610,1.091710,0
2016.01.04,02:55,1.091730,1.091800,1.091560,1.091670,0
2016.01.04,02:56,1.091650,1.091650,1.091420,1.091440,0
2016.01.04,02:57,1.091500,1.091610,1.091330,1.091440,0
2016.01.04,02:58,1.091400,1.091450,1.091220,1.091220,0
2016.01.04,02:59,1.091220,1.091340,1.091100,1.091270,0
2016.01.04,03:00,1.091260,1.091670,1.091060,1.091600,0
2016.01.04,03:01,1.091570,1.092390,1.091570,1.092190,0
2016.01.04,03:02,1.092200,1.092330,1.091810,1.091910,0
2016.01.04,03:03,1.091910,1.091920,1.091700,1.091760,0
2016.01.04,03:04,1.091760,1.091930,1.091730,1.091830,0
2016.01.04,03:05,1.091880,1.092360,1.091880,1.092260,0
2016.01.04,03:06,1.092280,1.092670,1.092230,1.092640,0
2016.01.04,03:07,1.092680,1.092860,1.092330,1.092760,0
2016.01.04,03:08,1.092780,1.093330,1.092770,1.092910,0
2016.01.04,03:09,1.092900,1.093270,1.092830,1.092830,0
2016.01.04,03:10,1.092850,1.093190,1.092810,1.093070,0
2016.01.04,03:11,1.093070,1.093410,1.092620,1.092720,0
2016.01.04,03:12,1.092770,1.092820,1.092280,1.092530,0
2016.01.04,03:13,1.092530,1.092900,1.092510,1.092770,0
2016.01.04,03:14,1.092770,1.093050,1.092450,1.092560,0
2016.01.04,03:15,1.092570,1.092930,1.092510,1.092930,0
2016.01.04,03:16,1.092940,1.093690,1.092920,1.093690,0
2016.01.04,03:17,1.093740,1.094070,1.093610,1.093950,0
2016.01.04,03:18,1.093960,1.094570,1.093850,1.093870,0
2016.01.04,03:19,1.093880,1.094260,1.093750,1.093780,0
2016.01.04,03:20,1.093790,1.094360,1.093720,1.094320,0
2016.01.04,03:21,1.094330,1.094640,1.094010,1.094350,0
2016.01.04,03:22,1.094320,1.094520,1.093960,1.094030,0
2016.01.04,03:23,1.094040,1.094190,1.093880,1.093910,0
2016.01.04,03:24,1.093910,1.094220,1.093790,1.093790,0
2016.01.04,03:25,1.093800,1.094160,1.093790,1.093790,0
2016.01.04,03:26,1.093800,1.093940,1.093680,1.093820,0
2016.01.04,03:27,1.093820,1.093860,1.093590,1.093610,0
2016.01.04,03:28,1.093610,1.093710,1.093480,1.093700,0
2016.01.04,03:29,1.093700,1.094170,1.093670,1.094130,0
2016.01.04,03:30,1.094120,1.094510,1.094120,1.094280,0
2016.01.04,03:31,1.094260,1.094300,1.093690,1.093690,0
2016.01.04,03:32,1.093710,1.093720,1.093360,1.093380,0
2016.01.04,03:33,1.093400,1.093420,1.093160,1.093190,0
2016.01.04,03:34,1.093180,1.093220,1.092900,1.092910,0
2016.01.04,03:35,1.092910,1.092990,1.092600,1.092650,0
2016.01.04,03:36,1.092660,1.092810,1.092630,1.092810,0
2016.01.04,03:37,1.092810,1.092900,1.092600,1.092810,0
2016.01.04,03:38,1.092840,1.092900,1.092590,1.092780,0
2016.01.04,03:39,1.092770,1.092890,1.092700,1.092810,0
2016.01.04,03:40,1.092820,1.092890,1.092400,1.092400,0
2016.01.04,03:41,1.092420,1.092510,1.092190,1.092410,0
2016.01.04,03:42,1.092410,1.092630,1.092190,1.092620,0
2016.01.04,03:43,1.092680,1.092820,1.092470,1.092620,0
2016.01.04,03:44,1.092610,1.092670,1.092360,1.092370,0
2016.01.04,03:45,1.092380,1.092590,1.092350,1.092360,0
2016.01.04,03:46,1.092370,1.092780,1.092370,1.092770,0
2016.01.04,03:47,1.092760,1.092920,1.092760,1.092910,0
2016.01.04,03:48,1.092910,1.092920,1.092700,1.092710,0
2016.01.04,03:49,1.092700,1.092700,1.092470,1.092610,0
2016.01.04,03:50,1.092610,1.092770,1.092610,1.092710,0
2016.01.04,03:51,1.092720,1.093430,1.092720,1.093060,0
2016.01.04,03:52,1.093050,1.093540,1.093050,1.093540,0
2016.01.04,03:53,1.093550,1.093630,1.093210,1.093210,0
2016.01.04,03:54,1.093220,1.093230,1.092870,1.093200,0
2016.01.04,03:55,1.093250,1.093260,1.092090,1.092180,0
2016.01.04,03:56,1.092190,1.092320,1.091910,1.092160,0
2016.01.04,03:57,1.092150,1.092380,1.091920,1.091960,0
2016.01.04,03:58,1.091970,1.092210,1.091900,1.092110,0
2016.01.04,03:59,1.092110,1.092500,1.092080,1.092390,0
2016.01.04,04:00,1.092400,1.092630,1.092390,1.092590,0
2016.01.04,04:01,1.092590,1.092620,1.092320,1.092430,0
2016.01.04,04:02,1.092450,1.092450,1.091880,1.092000,0
2016.01.04,04:03,1.092050,1.092070,1.091900,1.092020,0
2016.01.04,04:04,1.092020,1.092250,1.091930,1.092110,0
2016.01.04,04:05,1.092110,1.092420,1.092080,1.092390,0
2016.01.04,04:06,1.092420,1.092710,1.092350,1.092370,0
2016.01.04,04:07,1.092390,1.092500,1.092380,1.092400,0
2016.01.04,04:08,1.092400,1.092520,1.092370,1.092390,0
2016.01.04,04:09,1.092380,1.092900,1.092380,1.092700,0
2016.01.04,04:10,1.092720,1.092730,1.092600,1.092670,0
2016.01.04,04:11,1.092660,1.092690,1.092620,1.092670,0
2016.01.04,04:12,1.092670,1.092690,1.092330,1.092390,0
2016.01.04,04:13,1.092370,1.092580,1.092280,1.092300,0
2016.01.04,04:14,1.092310,1.092310,1.092210,1.092280,0
2016.01.04,04:15,1.092300,1.092400,1.092240,1.092240,0
2016.01.04,04:16,1.092230,1.092300,1.091900,1.091900,0
2016.01.04,04:17,1.091900,1.092020,1.091800,1.092000,0
2016.01.04,04:18,1.092010,1.092060,1.091890,1.091970,0
2016.01.04,04:19,1.091960,1.091980,1.091730,1.091850,0
2016.01.04,04:20,1.091860,1.092060,1.091800,1.091820,0
2016.01.04,04:21,1.091830,1.091880,1.091470,1.091510,0
2016.01.04,04:22,1.091490,1.091760,1.091370,1.091710,0
2016.01.04,04:23,1.091720,1.091910,1.091710,1.091910,0
2016.01.04,04:24,1.091900,1.091980,1.091730,1.091910,0
2016.01.04,04:25,1.091900,1.092240,1.091900,1.092100,0
2016.01.04,04:26,1.092120,1.092140,1.091730,1.091760,0
2016.01.04,04:27,1.091770,1.091840,1.091680,1.091730,0
2016.01.04,04:28,1.091740,1.091830,1.091740,1.091810,0
2016.01.04,04:29,1.091830,1.091850,1.091710,1.091840,0
2016.01.04,04:30,1.091780,1.091940,1.091750,1.091790,0
2016.01.04,04:31,1.091790,1.092020,1.091750,1.091920,0
2016.01.04,04:32,1.091900,1.092080,1.091890,1.091900,0
2016.01.04,04:33,1.091910,1.092120,1.091860,1.091900,0
2016.01.04,04:34,1.091900,1.092020,1.091690,1.091770,0
2016.01.04,04:35,1.091770,1.091780,1.091480,1.091620,0
2016.01.04,04:36,1.091610,1.091910,1.091590,1.091810,0
2016.01.04,04:37,1.091800,1.091820,1.091390,1.091680,0
2016.01.04,04:38,1.091700,1.091720,1.091460,1.091520,0
2016.01.04,04:39,1.091500,1.091620,1.091270,1.091410,0
2016.01.04,04:40,1.091440,1.091740,1.091420,1.091460,0
2016.01.04,04:41,1.091430,1.091560,1.091280,1.091470,0
2016.01.04,04:42,1.091480,1.092200,1.091480,1.092090,0
2016.01.04,04:43,1.092080,1.092150,1.091890,1.092100,0
2016.01.04,04:44,1.092100,1.092100,1.091800,1.092060,0
2016.01.04,04:45,1.092080,1.092260,1.091920,1.092230,0
2016.01.04,04:46,1.092230,1.092330,1.092190,1.092220,0
2016.01.04,04:47,1.092220,1.092340,1.092190,1.092310,0
2016.01.04,04:48,1.092300,1.092410,1.092280,1.092370,0
2016.01.04,04:49,1.092380,1.092660,1.092380,1.092510,0
2016.01.04,04:50,1.092520,1.092610,1.092420,1.092600,0
2016.01.04,04:51,1.092600,1.092660,1.092500,1.092510,0
2016.01.04,04:52,1.092520,1.092600,1.092270,1.092270,0
2016.01.04,04:53,1.092270,1.092550,1.092260,1.092380,0
2016.01.04,04:54,1.092380,1.092480,1.092300,1.092390,0
2016.01.04,04:55,1.092400,1.092670,1.092400,1.092490,0
2016.01.04,04:56,1.092490,1.092670,1.092490,1.092630,0
2016.01.04,04:57,1.092640,1.092780,1.092490,1.092580,0
2016.01.04,04:58,1.092580,1.092740,1.092490,1.092730,0
2016.01.04,04:59,1.092740,1.093030,1.092730,1.092900,0
2016.01.04,05:00,1.092900,1.093270,1.092800,1.093240,0
2016.01.04,05:01,1.093210,1.093570,1.093090,1.093430,0
2016.01.04,05:02,1.093460,1.093500,1.093300,1.093310,0
2016.01.04,05:03,1.093300,1.093310,1.093110,1.093120,0
2016.01.04,05:04,1.093110,1.093200,1.093070,1.093180,0
2016.01.04,05:05,1.093200,1.093400,1.093000,1.093040,0
2016.01.04,05:06,1.093050,1.093070,1.092550,1.092590,0
2016.01.04,05:07,1.092590,1.092590,1.092410,1.092410,0
2016.01.04,05:08,1.092410,1.092610,1.092390,1.092540,0
2016.01.04,05:09,1.092540,1.092760,1.092540,1.092720,0
2016.01.04,05:10,1.092730,1.092930,1.092700,1.092760,0
2016.01.04,05:11,1.092780,1.093120,1.092780,1.093120,0
2016.01.04,05:12,1.093120,1.093120,1.092580,1.092580,0
2016.01.04,05:13,1.092600,1.092830,1.092600,1.092800,0
2016.01.04,05:14,1.092800,1.092840,1.092610,1.092800,0
2016.01.04,05:15,1.092820,1.092820,1.092510,1.092740,0
2016.01.04,05:16,1.092740,1.092840,1.092400,1.092600,0
2016.01.04,05:17,1.092610,1.092610,1.092290,1.092460,0
2016.01.04,05:18,1.092450,1.092500,1.092070,1.092100,0
2016.01.04,05:19,1.092100,1.092310,1.092100,1.092260,0
2016.01.04,05:20,1.092250,1.092320,1.092010,1.092290,0
2016.01.04,05:21,1.092280,1.092430,1.092280,1.092280,0
2016.01.04,05:22,1.092290,1.092360,1.092170,1.092170,0
2016.01.04,05:23,1.092180,1.092180,1.092100,1.092100,0
2016.01.04,05:24,1.092110,1.092110,1.091860,1.091890,0
2016.01.04,05:25,1.091870,1.091960,1.091460,1.091710,0
2016.01.04,05:26,1.091700,1.091750,1.091510,1.091600,0
2016.01.04,05:27,1.091600,1.091690,1.091590,1.091610,0
2016.01.04,05:28,1.091620,1.091780,1.091570,1.091610,0
2016.01.04,05:29,1.091610,1.091710,1.091520,1.091710,0
2016.01.04,05:30,1.091730,1.092020,1.091690,1.092020,0
2016.01.04,05:31,1.092030,1.092060,1.091820,1.091870,0
2016.01.04,05:32,1.091880,1.091890,1.091790,1.091810,0
2016.01.04,05:33,1.091790,1.091790,1.091590,1.091590,0
2016.01.04,05:34,1.091590,1.091720,1.091530,1.091690,0
2016.01.04,05:35,1.091710,1.091720,1.091480,1.091530,0
2016.01.04,05:36,1.091540,1.091710,1.091490,1.091600,0
2016.01.04,05:37,1.091600,1.091600,1.091480,1.091580,0
2016.01.04,05:38,1.091560,1.091640,1.091510,1.091640,0
2016.01.04,05:39,1.091650,1.091750,1.091530,1.091740,0
2016.01.04,05:40,1.091740,1.091780,1.091520,1.091620,0
2016.01.04,05:41,1.091610,1.091750,1.091510,1.091750,0
2016.01.04,05:42,1.091740,1.091750,1.091600,1.091620,0
2016.01.04,05:43,1.091630,1.091720,1.091490,1.091720,0
2016.01.04,05:44,1.091710,1.091740,1.091380,1.091450,0
2016.01.04,05:45,1.091460,1.091460,1.090770,1.090810,0
2016.01.04,05:46,1.090790,1.090890,1.090660,1.090870,0
2016.01.04,05:47,1.090880,1.090980,1.090720,1.090900,0
2016.01.04,05:48,1.090900,1.091000,1.090780,1.091000,0
2016.01.04,05:49,1.090990,1.091050,1.090920,1.091050,0
2016.01.04,05:50,1.091040,1.091250,1.091040,1.091230,0
2016.01.04,05:51,1.091220,1.091350,1.091150,1.091230,0
2016.01.04,05:52,1.091270,1.091320,1.091120,1.091120,0
2016.01.04,05:53,1.091120,1.091240,1.091050,1.091120,0
2016.01.04,05:54,1.091130,1.091140,1.090820,1.090940,0
2016.01.04,05:55,1.090920,1.090950,1.090740,1.090910,0
2016.01.04,05:56,1.090900,1.090900,1.090580,1.090600,0
2016.01.04,05:57,1.090630,1.090760,1.090580,1.090700,0
2016.01.04,05:58,1.090720,1.090740,1.090600,1.090630,0
2016.01.04,05:59,1.090620,1.090710,1.090500,1.090560,0
2016.01.04,06:00,1.090560,1.090670,1.090450,1.090500,0
2016.01.04,06:01,1.090490,1.090680,1.090320,1.090370,0
2016.01.04,06:02,1.090330,1.090370,1.090200,1.090210,0
2016.01.04,06:03,1.090200,1.090220,1.089760,1.089900,0
2016.01.04,06:04,1.089900,1.090120,1.089900,1.090030,0
2016.01.04,06:05,1.090020,1.090240,1.090000,1.090200,0
2016.01.04,06:06,1.090200,1.090210,1.090030,1.090070,0
2016.01.04,06:07,1.090080,1.090410,1.090080,1.090340,0
2016.01.04,06:08,1.090340,1.090360,1.090200,1.090200,0
2016.01.04,06:09,1.090210,1.090220,1.090110,1.090200,0
2016.01.04,06:10,1.090210,1.090320,1.090150,1.090300,0
2016.01.04,06:11,1.090300,1.090560,1.090300,1.090530,0
2016.01.04,06:12,1.090530,1.090530,1.090300,1.090320,0
2016.01.04,06:13,1.090330,1.090360,1.090100,1.090240,0
2016.01.04,06:14,1.090240,1.090590,1.090240,1.090540,0
2016.01.04,06:15,1.090530,1.090550,1.090400,1.090550,0
2016.01.04,06:16,1.090550,1.090640,1.090510,1.090520,0
2016.01.04,06:17,1.090520,1.090600,1.090500,1.090590,0
2016.01.04,06:18,1.090600,1.090640,1.090510,1.090610,0
2016.01.04,06:19,1.090640,1.090650,1.090490,1.090590,0
2016.01.04,06:20,1.090600,1.090640,1.090510,1.090610,0
2016.01.04,06:21,1.090610,1.090610,1.090530,1.090610,0
2016.01.04,06:22,1.090600,1.090600,1.090520,1.090520,0
2016.01.04,06:23,1.090520,1.090690,1.090490,1.090650,0
2016.01.04,06:24,1.090670,1.090940,1.090640,1.090800,0
2016.01.04,06:25,1.090820,1.090820,1.090700,1.090800,0
2016.01.04,06:26,1.090810,1.090850,1.090680,1.090740,0
2016.01.04,06:27,1.090770,1.090900,1.090740,1.090880,0
2016.01.04,06:28,1.090880,1.090950,1.090710,1.090860,0
2016.01.04,06:29,1.090850,1.090970,1.090810,1.090930,0
2016.01.04,06:30,1.090930,1.091140,1.090930,1.091110,0
2016.01.04,06:31,1.091070,1.091070,1.090610,1.090610,0
2016.01.04,06:32,1.090610,1.090700,1.090490,1.090490,0
2016.01.04,06:33,1.090510,1.090740,1.090490,1.090720,0
2016.01.04,06:34,1.090730,1.090820,1.090690,1.090790,0
2016.01.04,06:35,1.090770,1.090770,1.090680,1.090690,0
2016.01.04,06:36,1.090720,1.090880,1.090700,1.090840,0
2016.01.04,06:37,1.090840,1.091130,1.090820,1.091020,0
2016.01.04,06:38,1.091010,1.091540,1.091010,1.091340,0
2016.01.04,06:39,1.091320,1.091350,1.091170,1.091280,0
2016.01.04,06:40,1.091280,1.091530,1.091220,1.091470,0
2016.01.04,06:41,1.091460,1.091510,1.091210,1.091210,0
2016.01.04,06:42,1.091320,1.091390,1.091280,1.091280,0
2016.01.04,06:43,1.091330,1.091340,1.091210,1.091220,0
2016.01.04,06:44,1.091210,1.091230,1.091190,1.091230,0
2016.01.04,06:45,1.091250,1.091640,1.091250,1.091560,0
2016.01.04,06:46,1.091630,1.091710,1.091490,1.091500,0
2016.01.04,06:47,1.091480,1.091550,1.091090,1.091090,0
2016.01.04,06:48,1.091070,1.091200,1.090930,1.091010,0
2016.01.04,06:49,1.091020,1.091230,1.090990,1.091120,0
2016.01.04,06:50,1.091110,1.091300,1.091110,1.091260,0
2016.01.04,06:51,1.091260,1.091280,1.091090,1.091100,0
2016.01.04,06:52,1.091100,1.091310,1.091100,1.091260,0
2016.01.04,06:53,1.091270,1.091270,1.091000,1.091070,0
2016.01.04,06:54,1.091060,1.091100,1.090990,1.091000,0
2016.01.04,06:55,1.091000,1.091090,1.090890,1.091010,0
2016.01.04,06:56,1.091010,1.091100,1.091000,1.091000,0
2016.01.04,06:57,1.091010,1.091020,1.090550,1.090830,0
2016.01.04,06:58,1.090810,1.091350,1.090810,1.091350,0
2016.01.04,06:59,1.091340,1.091720,1.091300,1.091700,0
2016.01.04,07:00,1.091700,1.091990,1.091680,1.091840,0
2016.01.04,07:01,1.091830,1.091850,1.091640,1.091680,0
2016.01.04,07:02,1.091640,1.091810,1.091600,1.091720,0
2016.01.04,07:03,1.091710,1.092020,1.091700,1.092000,0
2016.01.04,07:04,1.091980,1.092130,1.091810,1.091940,0
2016.01.04,07:05,1.091920,1.092000,1.091800,1.091810,0
2016.01.04,07:06,1.091820,1.091860,1.091720,1.091720,0
2016.01.04,07:07,1.091740,1.091920,1.091740,1.091900,0
2016.01.04,07:08,1.091900,1.092120,1.091900,1.092110,0
2016.01.04,07:09,1.092110,1.092460,1.092110,1.092330,0
2016.01.04,07:10,1.092330,1.092330,1.092130,1.092190,0
2016.01.04,07:11,1.092190,1.092200,1.091890,1.091910,0
2016.01.04,07:12,1.091960,1.092010,1.091870,1.091960,0
2016.01.04,07:13,1.091960,1.091960,1.091760,1.091810,0
2016.01.04,07:14,1.091810,1.091880,1.091700,1.091700,0
2016.01.04,07:15,1.091720,1.092310,1.091720,1.092310,0
2016.01.04,07:16,1.092310,1.092430,1.092100,1.092100,0
2016.01.04,07:17,1.092100,1.092170,1.091500,1.091500,0
2016.01.04,07:18,1.091500,1.091590,1.091370,1.091460,0
2016.01.04,07:19,1.091430,1.091620,1.091430,1.091620,0
2016.01.04,07:20,1.091610,1.091610,1.091330,1.091370,0
2016.01.04,07:21,1.091380,1.091400,1.091000,1.091110,0
2016.01.04,07:22,1.091120,1.091360,1.091120,1.091350,0
2016.01.04,07:23,1.091360,1.091440,1.091320,1.091440,0
2016.01.04,07:24,1.091430,1.091440,1.090980,1.091030,0
2016.01.04,07:25,1.091040,1.091100,1.090870,1.091020,0
2016.01.04,07:26,1.091030,1.091140,1.090820,1.091030,0
2016.01.04,07:27,1.091040,1.091040,1.090860,1.090860,0
2016.01.04,07:28,1.090850,1.091000,1.090790,1.090800,0
2016.01.04,07:29,1.090790,1.090800,1.090690,1.090740,0
2016.01.04,07:30,1.090730,1.090770,1.090590,1.090670,0
2016.01.04,07:31,1.090650,1.090740,1.090640,1.090700,0
2016.01.04,07:32,1.090720,1.090740,1.090590,1.090630,0
2016.01.04,07:33,1.090620,1.090750,1.090440,1.090740,0
2016.01.04,07:34,1.090740,1.090850,1.090720,1.090830,0
2016.01.04,07:35,1.090820,1.090830,1.090730,1.090800,0
2016.01.04,07:36,1.090810,1.090830,1.090720,1.090800,0
2016.01.04,07:37,1.090790,1.090830,1.090620,1.090670,0
2016.01.04,07:38,1.090640,1.090650,1.090180,1.090250,0
2016.01.04,07:39,1.090260,1.090340,1.090130,1.090140,0
2016.01.04,07:40,1.090140,1.090200,1.090110,1.090140,0
2016.01.04,07:41,1.090140,1.090150,1.090120,1.090120,0
2016.01.04,07:42,1.090120,1.090190,1.089770,1.090130,0
2016.01.04,07:43,1.090120,1.090140,1.090000,1.090050,0
2016.01.04,07:44,1.090050,1.090050,1.089770,1.089810,0
2016.01.04,07:45,1.089820,1.089850,1.089690,1.089700,0
2016.01.04,07:46,1.089700,1.089830,1.089670,1.089800,0
2016.01.04,07:47,1.089800,1.089940,1.089780,1.089940,0
2016.01.04,07:48,1.089940,1.090120,1.089930,1.090000,0
2016.01.04,07:49,1.089990,1.090020,1.089800,1.089950,0
2016.01.04,07:50,1.089960,1.090030,1.089880,1.089930,0
2016.01.04,07:51,1.089930,1.090070,1.089810,1.090060,0
2016.01.04,07:52,1.090060,1.090060,1.089920,1.090010,0
2016.01.04,07:53,1.090010,1.090140,1.089950,1.090140,0
2016.01.04,07:54,1.090150,1.090340,1.090130,1.090340,0
2016.01.04,07:55,1.090430,1.090540,1.090430,1.090510,0
2016.01.04,07:56,1.090510,1.090710,1.090490,1.090610,0
2016.01.04,07:57,1.090620,1.090760,1.090510,1.090750,0
2016.01.04,07:58,1.090770,1.091040,1.090770,1.090940,0
2016.01.04,07:59,1.090930,1.090940,1.090630,1.090720,0
2016.01.04,08:00,1.090010,1.090300,1.089840,1.090010,0
2016.01.04,08:01,1.090000,1.090210,1.089950,1.090160,0
2016.01.04,08:02,1.090150,1.090160,1.089850,1.090110,0
2016.01.04,08:03,1.090120,1.090150,1.089620,1.089700,0
2016.01.04,08:04,1.089710,1.089960,1.089630,1.089630,0
2016.01.04,08:05,1.089640,1.089850,1.089640,1.089730,0
2016.01.04,08:06,1.089740,1.090030,1.089740,1.089910,0
2016.01.04,08:07,1.089910,1.090010,1.089840,1.089880,0
2016.01.04,08:08,1.089840,1.090170,1.089840,1.090110,0
2016.01.04,08:09,1.090060,1.090220,1.090030,1.090050,0
2016.01.04,08:10,1.090030,1.090070,1.089910,1.089940,0
2016.01.04,08:11,1.089930,1.090090,1.089850,1.090080,0
2016.01.04,08:12,1.090070,1.090110,1.090010,1.090110,0
2016.01.04,08:13,1.090110,1.090510,1.090110,1.090410,0
2016.01.04,08:14,1.090420,1.090440,1.089590,1.089590,0
2016.01.04,08:15,1.089610,1.089850,1.089610,1.089830,0
2016.01.04,08:16,1.089830,1.089960,1.089710,1.089830,0
2016.01.04,08:17,1.089810,1.089890,1.089710,1.089830,0
2016.01.04,08:18,1.089860,1.089860,1.089440,1.089630,0
2016.01.04,08:19,1.089620,1.089640,1.089220,1.089260,0
2016.01.04,08:20,1.089280,1.089540,1.089000,1.089080,0
2016.01.04,08:21,1.089090,1.089230,1.088680,1.088730,0
2016.01.04,08:22,1.088720,1.088950,1.088720,1.088920,0
2016.01.04,08:23,1.088880,1.088950,1.088720,1.088940,0
2016.01.04,08:24,1.088940,1.088950,1.088840,1.088930,0
2016.01.04,08:25,1.088930,1.088970,1.088700,1.088840,0
2016.01.04,08:26,1.088840,1.088960,1.088810,1.088810,0
2016.01.04,08:27,1.088820,1.088930,1.088750,1.088860,0
2016.01.04,08:28,1.088860,1.088940,1.088510,1.088570,0
2016.01.04,08:29,1.088550,1.088580,1.088120,1.088250,0
2016.01.04,08:30,1.088250,1.088460,1.088180,1.088240,0
2016.01.04,08:31,1.088250,1.088490,1.087520,1.087820,0
2016.01.04,08:32,1.087830,1.087960,1.086760,1.087210,0
2016.01.04,08:33,1.087200,1.087240,1.086530,1.087230,0
2016.01.04,08:34,1.087220,1.087220,1.085940,1.086290,0
2016.01.04,08:35,1.086280,1.086430,1.085670,1.085890,0
2016.01.04,08:36,1.085870,1.086280,1.085840,1.086280,0
2016.01.04,08:37,1.086290,1.086590,1.086290,1.086490,0
2016.01.04,08:38,1.086490,1.086610,1.085950,1.085950,0
2016.01.04,08:39,1.085940,1.086130,1.085600,1.085630,0
2016.01.04,08:40,1.085690,1.086000,1.085540,1.085540,0
2016.01.04,08:41,1.085550,1.086180,1.085500,1.086140,0
2016.01.04,08:42,1.086150,1.086500,1.086110,1.086280,0
2016.01.04,08:43,1.086260,1.086450,1.086150,1.086450,0
2016.01.04,08:44,1.086440,1.086480,1.085630,1.085870,0
2016.01.04,08:45,1.085840,1.085960,1.085400,1.085450,0
2016.01.04,08:46,1.085370,1.085370,1.084580,1.085100,0
2016.01.04,08:47,1.085060,1.085350,1.084810,1.085260,0
2016.01.04,08:48,1.085360,1.085360,1.085130,1.085250,0
2016.01.04,08:49,1.085240,1.085550,1.085120,1.085410,0
2016.01.04,08:50,1.085410,1.085620,1.085410,1.085590,0
2016.01.04,08:51,1.085580,1.085860,1.085530,1.085620,0
2016.01.04,08:52,1.085570,1.085580,1.085340,1.085350,0
2016.01.04,08:53,1.085360,1.085680,1.085350,1.085680,0
2016.01.04,08:54,1.085690,1.085860,1.085570,1.085800,0
2016.01.04,08:55,1.085770,1.085770,1.085540,1.085560,0
2016.01.04,08:56,1.085540,1.085760,1.085470,1.085680,0
2016.01.04,08:57,1.085680,1.085700,1.085120,1.085150,0
2016.01.04,08:58,1.085160,1.085360,1.085160,1.085210,0
2016.01.04,08:59,1.085200,1.085490,1.085160,1.085490,0
2016.01.04,09:00,1.085450,1.085670,1.085190,1.085280,0
2016.01.04,09:01,1.085300,1.085390,1.085040,1.085230,0
2016.01.04,09:02,1.085240,1.085370,1.085160,1.085360,0
2016.01.04,09:03,1.085380,1.085450,1.085310,1.085450,0
2016.01.04,09:04,1.085450,1.085450,1.085240,1.085410,0
2016.01.04,09:05,1.085390,1.085390,1.084960,1.085000,0
2016.01.04,09:06,1.084980,1.085460,1.084950,1.085450,0
2016.01.04,09:07,1.085460,1.085570,1.085320,1.085450,0
2016.01.04,09:08,1.085450,1.085590,1.085430,1.085470,0
2016.01.04,09:09,1.085460,1.085510,1.085300,1.085360,0
2016.01.04,09:10,1.085370,1.085710,1.085370,1.085600,0
2016.01.04,09:11,1.085590,1.085780,1.085590,1.085760,0
2016.01.04,09:12,1.085740,1.085800,1.085650,1.085780,0
2016.01.04,09:13,1.085780,1.086110,1.085690,1.086100,0
2016.01.04,09:14,1.086120,1.086310,1.086050,1.086200,0
2016.01.04,09:15,1.086190,1.086190,1.085840,1.085950,0
2016.01.04,09:16,1.085940,1.086100,1.085930,1.085960,0
2016.01.04,09:17,1.086000,1.086040,1.085810,1.085960,0
2016.01.04,09:18,1.085960,1.086010,1.085620,1.085640,0
2016.01.04,09:19,1.085640,1.085770,1.085340,1.085750,0
2016.01.04,09:20,1.085740,1.085780,1.085470,1.085550,0
2016.01.04,09:21,1.085560,1.085670,1.085380,1.085580,0
2016.01.04,09:22,1.085580,1.085700,1.085550,1.085560,0
2016.01.04,09:23,1.085570,1.085780,1.085560,1.085680,0
2016.01.04,09:24,1.085650,1.085780,1.085650,1.085700,0
2016.01.04,09:25,1.085690,1.085710,1.085350,1.085410,0
2016.01.04,09:26,1.085430,1.085430,1.084980,1.085030,0
2016.01.04,09:27,1.085040,1.085390,1.085040,1.085230,0
2016.01.04,09:28,1.085200,1.085200,1.085020,1.085060,0
2016.01.04,09:29,1.085050,1.085070,1.084960,1.085060,0
2016.01.04,09:30,1.085060,1.085330,1.085040,1.085280,0
2016.01.04,09:31,1.085270,1.085360,1.085060,1.085190,0
2016.01.04,09:32,1.085190,1.085230,1.084980,1.085180,0
2016.01.04,09:33,1.085180,1.085550,1.085180,1.085380,0
2016.01.04,09:34,1.085380,1.085960,1.085370,1.085960,0
2016.01.04,09:35,1.085970,1.086050,1.085370,1.085430,0
2016.01.04,09:36,1.085450,1.085450,1.085070,1.085200,0
2016.01.04,09:37,1.085200,1.085270,1.084830,1.085110,0
2016.01.04,09:38,1.084990,1.085380,1.084800,1.085340,0
2016.01.04,09:39,1.085300,1.085380,1.084930,1.084970,0
2016.01.04,09:40,1.085030,1.085470,1.085010,1.085280,0
2016.01.04,09:41,1.085280,1.085500,1.085250,1.085480,0
2016.01.04,09:42,1.085470,1.085560,1.085290,1.085430,0
2016.01.04,09:43,1.085420,1.085570,1.085320,1.085530,0
2016.01.04,09:44,1.085530,1.085550,1.085380,1.085460,0
2016.01.04,09:45,1.085450,1.085490,1.084930,1.084930,0
2016.01.04,09:46,1.084870,1.085030,1.084840,1.085030,0
2016.01.04,09:47,1.085020,1.085100,1.084870,1.085030,0
2016.01.04,09:48,1.085040,1.085090,1.084700,1.084760,0
2016.01.04,09:49,1.084760,1.084830,1.084260,1.084350,0
2016.01.04,09:50,1.084360,1.084460,1.084140,1.084180,0
2016.01.04,09:51,1.084160,1.084160,1.083620,1.083720,0
2016.01.04,09:52,1.083730,1.083790,1.083340,1.083520,0
2016.01.04,09:53,1.083530,1.084210,1.083520,1.084090,0
2016.01.04,09:54,1.084080,1.084480,1.083950,1.084340,0
2016.01.04,09:55,1.084340,1.084450,1.084150,1.084160,0
2016.01.04,09:56,1.084150,1.084400,1.084040,1.084250,0
2016.01.04,09:57,1.084220,1.084290,1.084040,1.084140,0
2016.01.04,09:58,1.084130,1.084130,1.083920,1.083950,0
2016.01.04,09:59,1.083910,1.083920,1.083300,1.083430,0
2016.01.04,10:00,1.083800,1.084490,1.083800,1.084380,0
2016.01.04,10:01,1.084470,1.084770,1.084040,1.084140,0
2016.01.04,10:02,1.084120,1.084280,1.083250,1.083780,0
2016.01.04,10:03,1.083780,1.084040,1.083660,1.083860,0
2016.01.04,10:04,1.083860,1.083950,1.083250,1.083810,0
2016.01.04,10:05,1.083870,1.083980,1.083660,1.083680,0
2016.01.04,10:06,1.083680,1.083750,1.083270,1.083530,0
2016.01.04,10:07,1.083570,1.083720,1.083240,1.083280,0
2016.01.04,10:08,1.083270,1.083570,1.083190,1.083400,0
2016.01.04,10:09,1.083410,1.083690,1.083170,1.083240,0
2016.01.04,10:10,1.083280,1.083550,1.082960,1.082960,0
2016.01.04,10:11,1.082900,1.082900,1.082220,1.082560,0
2016.01.04,10:12,1.082540,1.082670,1.082380,1.082450,0
2016.01.04,10:13,1.082450,1.082470,1.081860,1.082050,0
2016.01.04,10:14,1.082120,1.082120,1.081460,1.081500,0
2016.01.04,10:15,1.081510,1.081890,1.081510,1.081740,0
2016.01.04,10:16,1.081740,1.081890,1.081520,1.081830,0
2016.01.04,10:17,1.081810,1.082080,1.081640,1.081710,0
2016.01.04,10:18,1.081710,1.081720,1.081510,1.081520,0
2016.01.04,10:19,1.081530,1.081590,1.081250,1.081550,0
2016.01.04,10:20,1.081520,1.081690,1.081200,1.081300,0
2016.01.04,10:21,1.081310,1.081930,1.081310,1.081860,0
2016.01.04,10:22,1.081820,1.082340,1.081820,1.082270,0
2016.01.04,10:23,1.082280,1.082460,1.082070,1.082220,0
2016.01.04,10:24,1.082210,1.082220,1.081950,1.082110,0
2016.01.04,10:25,1.082150,1.082410,1.082150,1.082390,0
2016.01.04,10:26,1.082400,1.082420,1.082300,1.082350,0
2016.01.04,10:27,1.082400,1.082430,1.082210,1.082430,0
2016.01.04,10:28,1.082420,1.082670,1.082400,1.082630,0
2016.01.04,10:29,1.082650,1.082700,1.082560,1.082700,0
2016.01.04,10:30,1.082700,1.082870,1.082540,1.082560,0
2016.01.04,10:31,1.082560,1.082980,1.082510,1.082910,0
2016.01.04,10:32,1.082910,1.082920,1.082310,1.082310,0
2016.01.04,10:33,1.082300,1.082440,1.082150,1.082260,0
2016.01.04,10:34,1.082270,1.082290,1.081940,1.082020,0
2016.01.04,10:35,1.082010,1.082410,1.082010,1.082200,0
2016.01.04,10:36,1.082200,1.082350,1.082100,1.082320,0
2016.01.04,10:37,1.082330,1.082340,1.082100,1.082130,0
2016.01.04,10:38,1.082130,1.082200,1.082090,1.082170,0
2016.01.04,10:39,1.082180,1.082220,1.081990,1.082080,0
2016.01.04,10:40,1.082080,1.082580,1.082050,1.082570,0
2016.01.04,10:41,1.082560,1.082660,1.082360,1.082390,0
2016.01.04,10:42,1.082420,1.082570,1.082230,1.082380,0
2016.01.04,10:43,1.082380,1.082640,1.082110,1.082220,0
2016.01.04,10:44,1.082210,1.082390,1.082060,1.082070,0
2016.01.04,10:45,1.082030,1.082050,1.081850,1.082000,0
2016.01.04,10:46,1.081990,1.082240,1.081950,1.082010,0
2016.01.04,10:47,1.082020,1.082390,1.081980,1.082200,0
2016.01.04,10:48,1.082190,1.082420,1.082010,1.082350,0
2016.01.04,10:49,1.082330,1.082390,1.081530,1.081590,0
2016.01.04,10:50,1.081430,1.081540,1.081150,1.081300,0
2016.01.04,10:51,1.081300,1.081440,1.081190,1.081250,0
2016.01.04,10:52,1.081260,1.081260,1.081070,1.081130,0
2016.01.04,10:53,1.081140,1.081500,1.081090,1.081460,0
2016.01.04,10:54,1.081450,1.081480,1.081190,1.081270,0
2016.01.04,10:55,1.081270,1.081330,1.081130,1.081300,0
2016.01.04,10:56,1.081300,1.081440,1.081030,1.081170,0
2016.01.04,10:57,1.081180,1.081490,1.080770,1.080800,0
2016.01.04,10:58,1.080800,1.080840,1.080340,1.080480,0
2016.01.04,10:59,1.080480,1.080540,1.080110,1.080150,0
2016.01.04,11:00,1.080160,1.080480,1.080130,1.080460,0
2016.01.04,11:01,1.080450,1.080480,1.080210,1.080360,0
2016.01.04,11:02,1.080390,1.081000,1.080360,1.080900,0
2016.01.04,11:03,1.081000,1.081220,1.080630,1.080760,0
2016.01.04,11:04,1.080770,1.080940,1.080610,1.080840,0
2016.01.04,11:05,1.080830,1.081020,1.080210,1.080210,0
2016.01.04,11:06,1.080140,1.080600,1.080140,1.080600,0
2016.01.04,11:07,1.080610,1.080610,1.080090,1.080310,0
2016.01.04,11:08,1.080310,1.080460,1.079860,1.079980,0
2016.01.04,11:09,1.079980,1.080580,1.079970,1.080500,0
2016.01.04,11:10,1.080500,1.080500,1.079980,1.080080,0
2016.01.04,11:11,1.080080,1.080130,1.079980,1.080000,0
2016.01.04,11:12,1.080020,1.080090,1.079920,1.080020,0
2016.01.04,11:13,1.080010,1.080030,1.078730,1.078840,0
2016.01.04,11:14,1.078840,1.079160,1.078430,1.078540,0
2016.01.04,11:15,1.078480,1.078720,1.078400,1.078500,0
2016.01.04,11:16,1.078510,1.078870,1.078470,1.078510,0
2016.01.04,11:17,1.078510,1.078790,1.078480,1.078600,0
2016.01.04,11:18,1.078600,1.078660,1.078350,1.078470,0
2016.01.04,11:19,1.078470,1.078640,1.078210,1.078340,0
2016.01.04,11:20,1.078340,1.078570,1.078240,1.078470,0
2016.01.04,11:21,1.078460,1.078690,1.078420,1.078600,0
2016.01.04,11:22,1.078610,1.078640,1.078190,1.078200,0
2016.01.04,11:23,1.078190,1.078410,1.078160,1.078170,0
2016.01.04,11:24,1.078150,1.078280,1.078110,1.078180,0
2016.01.04,11:25,1.078180,1.078520,1.078140,1.078470,0
2016.01.04,11:26,1.078470,1.078530,1.078280,1.078530,0
2016.01.04,11:27,1.078580,1.078680,1.078410,1.078560,0
2016.01.04,11:28,1.078570,1.078820,1.078470,1.078820,0
2016.01.04,11:29,1.078830,1.078890,1.078580,1.078700,0
2016.01.04,11:30,1.078720,1.079120,1.078610,1.079060,0
2016.01.04,11:31,1.079060,1.079110,1.079000,1.079020,0
2016.01.04,11:32,1.079020,1.079240,1.079020,1.079200,0
2016.01.04,11:33,1.079200,1.079200,1.079040,1.079200,0
2016.01.04,11:34,1.079200,1.079340,1.079010,1.079270,0
2016.01.04,11:35,1.079280,1.079330,1.079160,1.079300,0
2016.01.04,11:36,1.079290,1.079620,1.079260,1.079500,0
2016.01.04,11:37,1.079490,1.079490,1.079310,1.079310,0
2016.01.04,11:38,1.079320,1.079410,1.079290,1.079310,0
2016.01.04,11:39,1.079320,1.079370,1.079080,1.079190,0
2016.01.04,11:40,1.079200,1.079430,1.079190,1.079270,0
2016.01.04,11:41,1.079260,1.079290,1.079160,1.079160,0
2016.01.04,11:42,1.079150,1.079390,1.079090,1.079390,0
2016.01.04,11:43,1.079390,1.079400,1.079200,1.079400,0
2016.01.04,11:44,1.079380,1.079580,1.079350,1.079570,0
2016.01.04,11:45,1.079570,1.079720,1.079390,1.079410,0
2016.01.04,11:46,1.079410,1.079430,1.079170,1.079190,0
2016.01.04,11:47,1.079180,1.079270,1.079140,1.079270,0
2016.01.04,11:48,1.079260,1.079320,1.079090,1.079090,0
2016.01.04,11:49,1.079090,1.079090,1.078830,1.078980,0
2016.01.04,11:50,1.078990,1.079140,1.078960,1.079050,0
2016.01.04,11:51,1.079060,1.079090,1.078830,1.079070,0
2016.01.04,11:52,1.079060,1.079530,1.079060,1.079450,0
2016.01.04,11:53,1.079450,1.079490,1.079300,1.079370,0
2016.01.04,11:54,1.079380,1.079660,1.079370,1.079510,0
2016.01.04,11:55,1.079550,1.079790,1.079490,1.079780,0
2016.01.04,11:56,1.079820,1.079980,1.079750,1.079920,0
2016.01.04,11:57,1.079930,1.080090,1.079840,1.079870,0
2016.01.04,11:58,1.079880,1.080310,1.079840,1.080220,0
2016.01.04,11:59,1.080250,1.080320,1.080010,1.080320,0
2016.01.04,12:00,1.080270,1.080320,1.080100,1.080130,0
2016.01.04,12:01,1.080160,1.080190,1.080000,1.080050,0
2016.01.04,12:02,1.080030,1.080310,1.080030,1.080290,0
2016.01.04,12:03,1.080300,1.080410,1.080300,1.080320,0
2016.01.04,12:04,1.080320,1.080320,1.080000,1.080060,0
2016.01.04,12:05,1.080080,1.080350,1.080040,1.080330,0
2016.01.04,12:06,1.080340,1.080420,1.080270,1.080390,0
2016.01.04,12:07,1.080380,1.080420,1.080130,1.080160,0
2016.01.04,12:08,1.080160,1.080200,1.080090,1.080170,0
2016.01.04,12:09,1.080180,1.080350,1.080130,1.080350,0
2016.01.04,12:10,1.080360,1.080690,1.080360,1.080640,0
2016.01.04,12:11,1.080650,1.080650,1.080510,1.080610,0
2016.01.04,12:12,1.080600,1.080620,1.080470,1.080510,0
2016.01.04,12:13,1.080500,1.080510,1.080340,1.080460,0
2016.01.04,12:14,1.080450,1.080460,1.080350,1.080380,0
2016.01.04,12:15,1.080390,1.080420,1.080360,1.080410,0
2016.01.04,12:16,1.080420,1.080690,1.080410,1.080690,0
2016.01.04,12:17,1.080680,1.080790,1.080680,1.080790,0
2016.01.04,12:18,1.080760,1.080970,1.080720,1.080950,0
2016.01.04,12:19,1.080940,1.081090,1.080940,1.081050,0
2016.01.04,12:20,1.081060,1.081060,1.080950,1.080950,0
2016.01.04,12:21,1.080940,1.081100,1.080900,1.081100,0
2016.01.04,12:22,1.081090,1.081250,1.081080,1.081230,0
2016.01.04,12:23,1.081250,1.081250,1.081080,1.081090,0
2016.01.04,12:24,1.081100,1.081440,1.081090,1.081430,0
2016.01.04,12:25,1.081420,1.081590,1.081400,1.081550,0
2016.01.04,12:26,1.081570,1.081590,1.081400,1.081410,0
2016.01.04,12:27,1.081410,1.081580,1.081410,1.081560,0
2016.01.04,12:28,1.081560,1.081560,1.081390,1.081440,0
2016.01.04,12:29,1.081440,1.081550,1.081230,1.081390,0
2016.01.04,12:30,1.081380,1.081570,1.081370,1.081550,0
2016.01.04,12:31,1.081550,1.081690,1.081500,1.081510,0
2016.01.04,12:32,1.081520,1.081670,1.081500,1.081600,0
2016.01.04,12:33,1.081610,1.081810,1.081580,1.081610,0
2016.01.04,12:34,1.081600,1.081740,1.081600,1.081720,0
2016.01.04,12:35,1.081750,1.081760,1.081650,1.081650,0
2016.01.04,12:36,1.081660,1.081680,1.081590,1.081600,0
2016.01.04,12:37,1.081660,1.081690,1.081610,1.081630,0
2016.01.04,12:38,1.081650,1.081680,1.081580,1.081630,0
2016.01.04,12:39,1.081610,1.081610,1.081450,1.081450,0
2016.01.04,12:40,1.081430,1.081520,1.081340,1.081480,0
2016.01.04,12:41,1.081470,1.081510,1.081400,1.081410,0
2016.01.04,12:42,1.081400,1.081400,1.081300,1.081310,0
2016.01.04,12:43,1.081300,1.081380,1.081280,1.081300,0
2016.01.04,12:44,1.081310,1.081350,1.081150,1.081190,0
2016.01.04,12:45,1.081190,1.081290,1.080880,1.080880,0
2016.01.04,12:46,1.080960,1.081280,1.080900,1.081260,0
2016.01.04,12:47,1.081250,1.081310,1.081230,1.081310,0
2016.01.04,12:48,1.081300,1.081320,1.081270,1.081300,0
2016.01.04,12:49,1.081310,1.081600,1.081300,1.081470,0
2016.01.04,12:50,1.081470,1.081490,1.081360,1.081490,0
2016.01.04,12:51,1.081490,1.081820,1.081490,1.081800,0
2016.01.04,12:52,1.081800,1.081980,1.081730,1.081980,0
2016.01.04,12:53,1.081970,1.082000,1.081940,1.081960,0
2016.01.04,12:54,1.081950,1.081950,1.081780,1.081780,0
2016.01.04,12:55,1.081770,1.082180,1.081760,1.082140,0
2016.01.04,12:56,1.082150,1.082270,1.081970,1.082210,0
2016.01.04,12:57,1.082220,1.082320,1.082110,1.082110,0
2016.01.04,12:58,1.082100,1.082250,1.081960,1.081990,0
2016.01.04,12:59,1.081990,1.082090,1.081690,1.081780,0
2016.01.04,13:00,1.081790,1.082110,1.081790,1.081910,0
2016.01.04,13:01,1.081900,1.081900,1.081680,1.081750,0
2016.01.04,13:02,1.081740,1.081740,1.081550,1.081550,0
2016.01.04,13:03,1.081550,1.081600,1.081450,1.081600,0
2016.01.04,13:04,1.081590,1.081590,1.081410,1.081530,0
2016.01.04,13:05,1.081530,1.081610,1.081490,1.081540,0
2016.01.04,13:06,1.081560,1.081660,1.081560,1.081620,0
2016.01.04,13:07,1.081610,1.081610,1.081480,1.081500,0
2016.01.04,13:08,1.081500,1.081610,1.081410,1.081610,0
2016.01.04,13:09,1.081600,1.081620,1.081410,1.081410,0
2016.01.04,13:10,1.081450,1.081540,1.081410,1.081430,0
2016.01.04,13:11,1.081450,1.081490,1.081250,1.081290,0
2016.01.04,13:12,1.081350,1.081510,1.081300,1.081500,0
2016.01.04,13:13,1.081510,1.081510,1.081420,1.081510,0
2016.01.04,13:14,1.081520,1.081800,1.081520,1.081790,0
2016.01.04,13:15,1.081790,1.081820,1.081770,1.081800,0
2016.01.04,13:16,1.081800,1.081800,1.081600,1.081670,0
2016.01.04,13:17,1.081660,1.081980,1.081650,1.081780,0
2016.01.04,13:18,1.081770,1.081790,1.081730,1.081770,0
2016.01.04,13:19,1.081770,1.081990,1.081770,1.081910,0
2016.01.04,13:20,1.081900,1.081900,1.081800,1.081870,0
2016.01.04,13:21,1.081880,1.082010,1.081880,1.082000,0
2016.01.04,13:22,1.081990,1.082080,1.081950,1.081960,0
2016.01.04,13:23,1.081950,1.081950,1.081860,1.081870,0
2016.01.04,13:24,1.081870,1.081870,1.081790,1.081790,0
2016.01.04,13:25,1.081790,1.081890,1.081790,1.081840,0
2016.01.04,13:26,1.081850,1.081870,1.081750,1.081760,0
2016.01.04,13:27,1.081750,1.081760,1.081680,1.081700,0
2016.01.04,13:28,1.081700,1.081700,1.081530,1.081570,0
2016.01.04,13:29,1.081580,1.081600,1.081460,1.081580,0
2016.01.04,13:30,1.081590,1.081700,1.081560,1.081700,0
2016.01.04,13:31,1.081700,1.081790,1.081700,1.081770,0
2016.01.04,13:32,1.081760,1.081770,1.081560,1.081570,0
2016.01.04,13:33,1.081610,1.082110,1.081590,1.082090,0
2016.01.04,13:34,1.082110,1.082200,1.081870,1.081890,0
2016.01.04,13:35,1.081900,1.082010,1.081870,1.081870,0
2016.01.04,13:36,1.081880,1.082140,1.081880,1.082110,0
2016.01.04,13:37,1.082110,1.082130,1.082100,1.082120,0
2016.01.04,13:38,1.082110,1.082120,1.082070,1.082080,0
2016.01.04,13:39,1.082090,1.082200,1.082050,1.082140,0
2016.01.04,13:40,1.082170,1.082360,1.082140,1.082350,0
2016.01.04,13:41,1.082360,1.082460,1.082350,1.082390,0
2016.01.04,13:42,1.082370,1.082380,1.082280,1.082280,0
2016.01.04,13:43,1.082300,1.082320,1.082250,1.082270,0
2016.01.04,13:44,1.082280,1.082350,1.082220,1.082260,0
2016.01.04,13:45,1.082260,1.082260,1.082040,1.082140,0
2016.01.04,13:46,1.082090,1.082140,1.081960,1.082050,0
2016.01.04,13:47,1.082060,1.082160,1.082040,1.082070,0
2016.01.04,13:48,1.082060,1.082160,1.081990,1.082160,0
2016.01.04,13:49,1.082160,1.082270,1.082160,1.082170,0
2016.01.04,13:50,1.082160,1.082160,1.081880,1.081950,0
2016.01.04,13:51,1.081950,1.081980,1.081850,1.081980,0
2016.01.04,13:52,1.081990,1.082110,1.081960,1.082100,0
2016.01.04,13:53,1.082110,1.082230,1.082080,1.082110,0
2016.01.04,13:54,1.082140,1.082170,1.082060,1.082150,0
2016.01.04,13:55,1.082150,1.082150,1.082040,1.082050,0
2016.01.04,13:56,1.082050,1.082310,1.082050,1.082100,0
2016.01.04,13:57,1.082110,1.082200,1.081990,1.082190,0
2016.01.04,13:58,1.082200,1.082260,1.082190,1.082240,0
2016.01.04,13:59,1.082240,1.082240,1.082080,1.082190,0
2016.01.04,14:00,1.082210,1.082270,1.082150,1.082160,0
2016.01.04,14:01,1.082170,1.082250,1.082160,1.082230,0
2016.01.04,14:02,1.082210,1.082210,1.082090,1.082110,0
2016.01.04,14:03,1.082100,1.082100,1.081970,1.082010,0
2016.01.04,14:04,1.081990,1.082060,1.081970,1.082000,0
2016.01.04,14:05,1.082010,1.082100,1.081970,1.082100,0
2016.01.04,14:06,1.082170,1.082170,1.082070,1.082110,0
2016.01.04,14:07,1.082080,1.082290,1.082080,1.082290,0
2016.01.04,14:08,1.082290,1.082350,1.082100,1.082180,0
2016.01.04,14:09,1.082190,1.082410,1.082170,1.082300,0
2016.01.04,14:10,1.082280,1.082450,1.082280,1.082380,0
2016.01.04,14:11,1.082380,1.082410,1.082250,1.082290,0
2016.01.04,14:12,1.082290,1.082370,1.082290,1.082350,0
2016.01.04,14:13,1.082350,1.082370,1.082260,1.082280,0
2016.01.04,14:14,1.082270,1.082290,1.082140,1.082190,0
2016.01.04,14:15,1.082180,1.082190,1.082150,1.082160,0
2016.01.04,14:16,1.082170,1.082290,1.082160,1.082200,0
2016.01.04,14:17,1.082210,1.082270,1.082100,1.082100,0
2016.01.04,14:18,1.082100,1.082100,1.082050,1.082060,0
2016.01.04,14:19,1.082050,1.082070,1.081880,1.081890,0
2016.01.04,14:20,1.081890,1.081920,1.081870,1.081880,0
2016.01.04,14:21,1.081890,1.082070,1.081890,1.081900,0
2016.01.04,14:22,1.081890,1.081900,1.081770,1.081790,0
2016.01.04,14:23,1.081780,1.081920,1.081760,1.081760,0
2016.01.04,14:24,1.081750,1.081780,1.081750,1.081770,0
2016.01.04,14:25,1.081780,1.081780,1.081560,1.081580,0
2016.01.04,14:26,1.081580,1.081600,1.081570,1.081590,0
2016.01.04,14:27,1.081590,1.081770,1.081580,1.081770,0
2016.01.04,14:28,1.081770,1.081810,1.081680,1.081810,0
2016.01.04,14:29,1.081800,1.082010,1.081780,1.082010,0
2016.01.04,14:30,1.082000,1.082150,1.081980,1.082080,0
2016.01.04,14:31,1.082020,1.082310,1.082010,1.082310,0
2016.01.04,14:32,1.082330,1.082430,1.082300,1.082320,0
2016.01.04,14:33,1.082330,1.082520,1.082310,1.082500,0
2016.01.04,14:34,1.082490,1.082500,1.082340,1.082500,0
2016.01.04,14:35,1.082480,1.082480,1.082210,1.082210,0
2016.01.04,14:36,1.082220,1.082390,1.082210,1.082320,0
2016.01.04,14:37,1.082320,1.082510,1.082300,1.082320,0
2016.01.04,14:38,1.082320,1.082330,1.082320,1.082320,0
2016.01.04,14:39,1.082310,1.082500,1.082310,1.082410,0
2016.01.04,14:40,1.082410,1.082420,1.082310,1.082310,0
2016.01.04,14:41,1.082310,1.082310,1.082230,1.082230,0
2016.01.04,14:42,1.082230,1.082310,1.082200,1.082310,0
2016.01.04,14:43,1.082320,1.082520,1.082320,1.082520,0
2016.01.04,14:44,1.082520,1.082520,1.082470,1.082470,0
2016.01.04,14:45,1.082480,1.082490,1.082310,1.082390,0
2016.01.04,14:46,1.082390,1.082410,1.082320,1.082410,0
2016.01.04,14:47,1.082430,1.082480,1.082390,1.082430,0
2016.01.04,14:48,1.082430,1.082430,1.082280,1.082420,0
2016.01.04,14:49,1.082440,1.082630,1.082440,1.082520,0
2016.01.04,14:50,1.082500,1.082630,1.082500,1.082620,0
2016.01.04,14:51,1.082630,1.082650,1.082360,1.082390,0
2016.01.04,14:52,1.082390,1.082490,1.082270,1.082280,0
2016.01.04,14:53,1.082270,1.082470,1.082270,1.082470,0
2016.01.04,14:54,1.082460,1.082580,1.082450,1.082580,0
2016.01.04,14:55,1.082580,1.082760,1.082550,1.082740,0
2016.01.04,14:56,1.082730,1.082740,1.082650,1.082690,0
2016.01.04,14:57,1.082680,1.082770,1.082590,1.082720,0
2016.01.04,14:58,1.082710,1.082800,1.082580,1.082800,0
2016.01.04,14:59,1.082800,1.082800,1.082610,1.082750,0
2016.01.04,15:00,1.082750,1.082770,1.082610,1.082760,0
2016.01.04,15:01,1.082750,1.082750,1.082650,1.082680,0
2016.01.04,15:02,1.082700,1.082910,1.082700,1.082860,0
2016.01.04,15:03,1.082870,1.083420,1.082860,1.083290,0
2016.01.04,15:04,1.083270,1.083280,1.083140,1.083160,0
2016.01.04,15:05,1.083150,1.083160,1.083050,1.083050,0
2016.01.04,15:06,1.083060,1.083090,1.082870,1.083090,0
2016.01.04,15:07,1.083080,1.083270,1.083050,1.083260,0
2016.01.04,15:08,1.083250,1.083250,1.082890,1.083020,0
2016.01.04,15:09,1.083070,1.083270,1.083070,1.083270,0
2016.01.04,15:10,1.083280,1.083290,1.083170,1.083170,0
2016.01.04,15:11,1.083170,1.083300,1.083170,1.083280,0
2016.01.04,15:12,1.083260,1.083400,1.083260,1.083380,0
2016.01.04,15:13,1.083390,1.083680,1.083380,1.083410,0
2016.01.04,15:14,1.083400,1.083400,1.083260,1.083390,0
2016.01.04,15:15,1.083400,1.083400,1.083110,1.083300,0
2016.01.04,15:16,1.083280,1.083360,1.083160,1.083270,0
2016.01.04,15:17,1.083270,1.083370,1.083270,1.083310,0
2016.01.04,15:18,1.083300,1.083370,1.083160,1.083160,0
2016.01.04,15:19,1.083160,1.083160,1.083080,1.083080,0
2016.01.04,15:20,1.083100,1.083210,1.083080,1.083210,0
2016.01.04,15:21,1.083220,1.083380,1.083170,1.083190,0
2016.01.04,15:22,1.083200,1.083200,1.083040,1.083040,0
2016.01.04,15:23,1.083050,1.083270,1.083050,1.083170,0
2016.01.04,15:24,1.083180,1.083470,1.083170,1.083380,0
2016.01.04,15:25,1.083430,1.083450,1.083250,1.083250,0
2016.01.04,15:26,1.083250,1.083530,1.083250,1.083370,0




